,tarih,deÄŸer (ton)
0,2004-12-31,"0,0"
1,2005-12-31,"46,585"
2,2006-12-31,"86,853"
3,2007-12-31,"87,833"
4,2008-12-31,"88,355"
5,2009-12-31,"90,128"
6,2010-12-31,"95,224"
7,2011-12-31,"101,952"
8,2012-12-31,"111,035"
9,2013-01-01,"43020,0"
10,2013-02-01,"37015,0"
11,2013-03-01,"32500,0"
12,2013-04-01,"33730,0"
13,2013-05-01,"32095,0"
14,2013-06-01,"30725,0"
15,2013-07-01,"18460,0"
16,2013-08-01,"38675,0"
17,2013-09-01,"37405,0"
18,2013-10-01,"37685,0"
19,2013-11-01,"31865,0"
20,2013-12-01,"31675,0"
21,2013-01-13,"34925,0"
22,2013-01-14,"19375,0"
23,2013-01-15,"38900,0"
24,2013-01-16,"33675,0"
25,2013-01-17,"28370,0"
26,2013-01-18,"28525,0"
27,2013-01-19,"26550,0"
28,2013-01-20,"30880,0"
29,2013-01-21,"20095,0"
30,2013-01-22,"40335,0"
31,2013-01-23,"32615,0"
32,2013-01-24,"34270,0"
33,2013-01-25,"32080,0"
34,2013-01-26,"29770,0"
35,2013-01-27,"26305,0"
36,2013-01-28,"19880,0"
37,2013-01-29,"43235,0"
38,2013-01-30,"21885,0"
39,2013-01-31,"20650,0"
40,2013-01-02,"31910,0"
41,2013-02-02,"27820,0"
42,2013-03-02,"29685,0"
43,2013-04-02,"17255,0"
44,2013-05-02,"35580,0"
45,2013-06-02,"30555,0"
46,2013-07-02,"36185,0"
47,2013-08-02,"32605,0"
48,2013-09-02,"29880,0"
49,2013-10-02,"30525,0"
50,2013-11-02,"18815,0"
51,2013-12-02,"35895,0"
52,2013-02-13,"39150,0"
53,2013-02-14,"36320,0"
54,2013-02-15,"31335,0"
55,2013-02-16,"28050,0"
56,2013-02-17,"29135,0"
57,2013-02-18,"16160,0"
58,2013-02-19,"40050,0"
59,2013-02-20,"37940,0"
60,2013-02-21,"32650,0"
61,2013-02-22,"34530,0"
62,2013-02-23,"31335,0"
63,2013-02-24,"31015,0"
64,2013-02-25,"35600,0"
65,2013-02-26,"37650,0"
66,2013-02-27,"45755,0"
67,2013-02-28,"24575,0"
68,2013-01-03,"36125,0"
69,2013-02-03,"30270,0"
70,2013-03-03,"32565,0"
71,2013-04-03,"15460,0"
72,2013-05-03,"42095,0"
73,2013-06-03,"39925,0"
74,2013-07-03,"32355,0"
75,2013-08-03,"32010,0"
76,2013-09-03,"28415,0"
77,2013-10-03,"31955,0"
78,2013-11-03,"18845,0"
79,2013-12-03,"37280,0"
80,2013-03-13,"34065,0"
81,2013-03-14,"31280,0"
82,2013-03-15,"36965,0"
83,2013-03-16,"28650,0"
84,2013-03-17,"30405,0"
85,2013-03-18,"16535,0"
86,2013-03-19,"36910,0"
87,2013-03-20,"31605,0"
88,2013-03-21,"35780,0"
89,2013-03-22,"33000,0"
90,2013-03-23,"31650,0"
91,2013-03-24,"31960,0"
92,2013-03-25,"17605,0"
93,2013-03-26,"36855,0"
94,2013-03-27,"32735,0"
95,2013-03-28,"33165,0"
96,2013-03-29,"24510,0"
97,2013-03-30,"12515,0"
98,2013-03-31,"29510,0"
99,2013-01-04,"16970,0"
100,2013-02-04,"37240,0"
101,2013-03-04,"34170,0"
102,2013-04-04,"32520,0"
103,2013-05-04,"31010,0"
104,2013-06-04,"30230,0"
105,2013-07-04,"29715,0"
106,2013-08-04,"20960,0"
107,2013-09-04,"36350,0"
108,2013-10-04,"36550,0"
109,2013-11-04,"34440,0"
110,2013-12-04,"30155,0"
111,2013-04-13,"31685,0"
112,2013-04-14,"34490,0"
113,2013-04-15,"17600,0"
114,2013-04-16,"36730,0"
115,2013-04-17,"31095,0"
116,2013-04-18,"35015,0"
117,2013-04-19,"32680,0"
118,2013-04-20,"28545,0"
119,2013-04-21,"31155,0"
120,2013-04-22,"16715,0"
121,2013-04-23,"35075,0"
122,2013-04-24,"30765,0"
123,2013-04-25,"31345,0"
124,2013-04-26,"32025,0"
125,2013-04-27,"26990,0"
126,2013-04-28,"27890,0"
127,2013-04-29,"16255,0"
128,2013-04-30,"33295,0"
129,2013-01-05,"32705,0"
130,2013-02-05,"31370,0"
131,2013-03-05,"27205,0"
132,2013-04-05,"27450,0"
133,2013-05-05,"30990,0"
134,2013-06-05,"16350,0"
135,2013-07-05,"33520,0"
136,2013-08-05,"28895,0"
137,2013-09-05,"33560,0"
138,2013-10-05,"30160,0"
139,2013-11-05,"25750,0"
140,2013-12-05,"27160,0"
141,2013-05-13,"17100,0"
142,2013-05-14,"35710,0"
143,2013-05-15,"28525,0"
144,2013-05-16,"31710,0"
145,2013-05-17,"29480,0"
146,2013-05-18,"26665,0"
147,2013-05-19,"33310,0"
148,2013-05-20,"15870,0"
149,2013-05-21,"32035,0"
150,2013-05-22,"33490,0"
151,2013-05-23,"31330,0"
152,2013-05-24,"39325,0"
153,2013-05-25,"33950,0"
154,2013-05-26,"31800,0"
155,2013-05-27,"19655,0"
156,2013-05-28,"33315,0"
157,2013-05-29,"36805,0"
158,2013-05-30,"29125,0"
159,2013-05-31,"28340,0"
160,2013-01-06,"30310,0"
161,2013-02-06,"37535,0"
162,2013-03-06,"15435,0"
163,2013-04-06,"31400,0"
164,2013-05-06,"30220,0"
165,2013-06-06,"30825,0"
166,2013-07-06,"27035,0"
167,2013-08-06,"25725,0"
168,2013-09-06,"33775,0"
169,2013-10-06,"15375,0"
170,2013-11-06,"31245,0"
171,2013-12-06,"30450,0"
172,2013-06-13,"26340,0"
173,2013-06-14,"27670,0"
174,2013-06-15,"28020,0"
175,2013-06-16,"26215,0"
176,2013-06-17,"16865,0"
177,2013-06-18,"37115,0"
178,2013-06-19,"32270,0"
179,2013-06-20,"30610,0"
180,2013-06-21,"29100,0"
181,2013-06-22,"27895,0"
182,2013-06-23,"31215,0"
183,2013-06-24,"16415,0"
184,2013-06-25,"32340,0"
185,2013-06-26,"25700,0"
186,2013-06-27,"16905,0"
187,2013-06-28,"22495,0"
188,2013-06-29,"28930,0"
189,2013-06-30,"24145,0"
190,2013-01-07,"16050,0"
191,2013-02-07,"32420,0"
192,2013-03-07,"30420,0"
193,2013-04-07,"30235,0"
194,2013-05-07,"29045,0"
195,2013-06-07,"26200,0"
196,2013-07-07,"30030,0"
197,2013-08-07,"16695,0"
198,2013-09-07,"30015,0"
199,2013-10-07,"32540,0"
200,2013-11-07,"36980,0"
201,2013-12-07,"29450,0"
202,2013-07-13,"26955,0"
203,2013-07-14,"32490,0"
204,2013-07-15,"20035,0"
205,2013-07-16,"38430,0"
206,2013-07-17,"29575,0"
207,2013-07-18,"26520,0"
208,2013-07-19,"24945,0"
209,2013-07-20,"24185,0"
210,2013-07-21,"29090,0"
211,2013-07-22,"16600,0"
212,2013-07-23,"28825,0"
213,2013-07-24,"26725,0"
214,2013-07-25,"40010,0"
215,2013-07-26,"28185,0"
216,2013-07-27,"25465,0"
217,2013-07-28,"27615,0"
218,2013-07-29,"24245,0"
219,2013-07-30,"44030,0"
220,2013-07-31,"40435,0"
221,2013-01-08,"28915,0"
222,2013-02-08,"32880,0"
223,2013-03-08,"28260,0"
224,2013-04-08,"25005,0"
225,2013-05-08,"35265,0"
226,2013-06-08,"39495,0"
227,2013-07-08,"36620,0"
228,2013-08-08,"26395,0"
229,2013-09-08,"21665,0"
230,2013-10-08,"14200,0"
231,2013-11-08,"10275,0"
232,2013-12-08,"27825,0"
233,2013-08-13,"31170,0"
234,2013-08-14,"32550,0"
235,2013-08-15,"27675,0"
236,2013-08-16,"30865,0"
237,2013-08-17,"32305,0"
238,2013-08-18,"16330,0"
239,2013-08-19,"30865,0"
240,2013-08-20,"34780,0"
241,2013-08-21,"41685,0"
242,2013-08-22,"35540,0"
243,2013-08-23,"30875,0"
244,2013-08-24,"32535,0"
245,2013-08-25,"21315,0"
246,2013-08-26,"33140,0"
247,2013-08-27,"32075,0"
248,2013-08-28,"30575,0"
249,2013-08-29,"30855,0"
250,2013-08-30,"30665,0"
251,2013-08-31,"32430,0"
252,2013-01-09,"21150,0"
253,2013-02-09,"34165,0"
254,2013-03-09,"32825,0"
255,2013-04-09,"31270,0"
256,2013-05-09,"29740,0"
257,2013-06-09,"31330,0"
258,2013-07-09,"35325,0"
259,2013-08-09,"26510,0"
260,2013-09-09,"33290,0"
261,2013-10-09,"40850,0"
262,2013-11-09,"29950,0"
263,2013-12-09,"29515,0"
264,2013-09-13,"29965,0"
265,2013-09-14,"31615,0"
266,2013-09-15,"19030,0"
267,2013-09-16,"33920,0"
268,2013-09-17,"32140,0"
269,2013-09-18,"30100,0"
270,2013-09-19,"30445,0"
271,2013-09-20,"30160,0"
272,2013-09-21,"30585,0"
273,2013-09-22,"16765,0"
274,2013-09-23,"33810,0"
275,2013-09-24,"32085,0"
276,2013-09-25,"31175,0"
277,2013-09-26,"29110,0"
278,2013-09-27,"30000,0"
279,2013-09-28,"31640,0"
280,2013-09-29,"17505,0"
281,2013-09-30,"32970,0"
282,2013-01-10,"30890,0"
283,2013-02-10,"39315,0"
284,2013-03-10,"28710,0"
285,2013-04-10,"30950,0"
286,2013-05-10,"26870,0"
287,2013-06-10,"19540,0"
288,2013-07-10,"36930,0"
289,2013-08-10,"33740,0"
290,2013-09-10,"34300,0"
291,2013-10-10,"37385,0"
292,2013-11-10,"36445,0"
293,2013-12-10,"39125,0"
294,2013-10-13,"24130,0"
295,2013-10-14,"44455,0"
296,2013-10-15,"35910,0"
297,2013-10-16,"30300,0"
298,2013-10-17,"26410,0"
299,2013-10-18,"26750,0"
300,2013-10-19,"41045,0"
301,2013-10-20,"30125,0"
302,2013-10-21,"39735,0"
303,2013-10-22,"46310,0"
304,2013-10-23,"40180,0"
305,2013-10-24,"33525,0"
306,2013-10-25,"33575,0"
307,2013-10-26,"34700,0"
308,2013-10-27,"20190,0"
309,2013-10-28,"42960,0"
310,2013-10-29,"34855,0"
311,2013-10-30,"33490,0"
312,2013-10-31,"30830,0"
313,2013-01-11,"32650,0"
314,2013-02-11,"27720,0"
315,2013-03-11,"19395,0"
316,2013-04-11,"33430,0"
317,2013-05-11,"34945,0"
318,2013-06-11,"31890,0"
319,2013-07-11,"30680,0"
320,2013-08-11,"32770,0"
321,2013-09-11,"32875,0"
322,2013-10-11,"18035,0"
323,2013-11-11,"36030,0"
324,2013-12-11,"33230,0"
325,2013-11-13,"31625,0"
326,2013-11-14,"35545,0"
327,2013-11-15,"31365,0"
328,2013-11-16,"31425,0"
329,2013-11-17,"19920,0"
330,2013-11-18,"34630,0"
331,2013-11-19,"34110,0"
332,2013-11-20,"35695,0"
333,2013-11-21,"27670,0"
334,2013-11-22,"31295,0"
335,2013-11-23,"32800,0"
336,2013-11-24,"22975,0"
337,2013-11-25,"40475,0"
338,2013-11-26,"35805,0"
339,2013-11-27,"36965,0"
340,2013-11-28,"34120,0"
341,2013-11-29,"38010,0"
342,2013-11-30,"34555,0"
343,2013-01-12,"20090,0"
344,2013-02-12,"40050,0"
345,2013-03-12,"40005,0"
346,2013-04-12,"33445,0"
347,2013-05-12,"37425,0"
348,2013-06-12,"32205,0"
349,2013-07-12,"32335,0"
350,2013-08-12,"21935,0"
351,2013-09-12,"40255,0"
352,2013-10-12,"37225,0"
353,2013-11-12,"31790,0"
354,2013-12-12,"29560,0"
355,2013-12-13,"29360,0"
356,2013-12-14,"30125,0"
357,2013-12-15,"22065,0"
358,2013-12-16,"43795,0"
359,2013-12-17,"38900,0"
360,2013-12-18,"42540,0"
361,2013-12-19,"38965,0"
362,2013-12-20,"31310,0"
363,2013-12-21,"31865,0"
364,2013-12-22,"18785,0"
365,2013-12-23,"38570,0"
366,2013-12-24,"38535,0"
367,2013-12-25,"37090,0"
368,2013-12-26,"34415,0"
369,2013-12-27,"36535,0"
370,2013-12-28,"41605,0"
371,2013-12-29,"20090,0"
372,2013-12-30,"50945,0"
373,2013-12-31,"47470,0"
374,2014-01-01,"45290,0"
375,2014-02-01,"35090,0"
376,2014-03-01,"33185,0"
377,2014-04-01,"38425,0"
378,2014-05-01,"21440,0"
379,2014-06-01,"50100,0"
380,2014-07-01,"42495,0"
381,2014-08-01,"39795,0"
382,2014-09-01,"35330,0"
383,2014-10-01,"34310,0"
384,2014-11-01,"30810,0"
385,2014-12-01,"19850,0"
386,2014-01-13,"39985,0"
387,2014-01-14,"40975,0"
388,2014-01-15,"38240,0"
389,2014-01-16,"34505,0"
390,2014-01-17,"36465,0"
391,2014-01-18,"31960,0"
392,2014-01-19,"18750,0"
393,2014-01-20,"45995,0"
394,2014-01-21,"41610,0"
395,2014-01-22,"39470,0"
396,2014-01-23,"42460,0"
397,2014-01-24,"36950,0"
398,2014-01-25,"32935,0"
399,2014-01-26,"19300,0"
400,2014-01-27,"42990,0"
401,2014-01-28,"41295,0"
402,2014-01-29,"37640,0"
403,2014-01-30,"33710,0"
404,2014-01-31,"32640,0"
405,2014-01-02,"28840,0"
406,2014-02-02,"16835,0"
407,2014-03-02,"38270,0"
408,2014-04-02,"34190,0"
409,2014-05-02,"33795,0"
410,2014-06-02,"32640,0"
411,2014-07-02,"29150,0"
412,2014-08-02,"29470,0"
413,2014-09-02,"18775,0"
414,2014-10-02,"40915,0"
415,2014-11-02,"35085,0"
416,2014-12-02,"33965,0"
417,2014-02-13,"32710,0"
418,2014-02-14,"32885,0"
419,2014-02-15,"33590,0"
420,2014-02-16,"18150,0"
421,2014-02-17,"35110,0"
422,2014-02-18,"35850,0"
423,2014-02-19,"36595,0"
424,2014-02-20,"20725,0"
425,2014-02-21,"29170,0"
426,2014-02-22,"31165,0"
427,2014-02-23,"17570,0"
428,2014-02-24,"36385,0"
429,2014-02-25,"34850,0"
430,2014-02-26,"32090,0"
431,2014-02-27,"34380,0"
432,2014-02-28,"29045,0"
433,2014-01-03,"31575,0"
434,2014-02-03,"19730,0"
435,2014-03-03,"36690,0"
436,2014-04-03,"33545,0"
437,2014-05-03,"32225,0"
438,2014-06-03,"31545,0"
439,2014-07-03,"29670,0"
440,2014-08-03,"27935,0"
441,2014-09-03,"15755,0"
442,2014-10-03,"41885,0"
443,2014-11-03,"33675,0"
444,2014-12-03,"30795,0"
445,2014-03-13,"33650,0"
446,2014-03-14,"31055,0"
447,2014-03-15,"32345,0"
448,2014-03-16,"17580,0"
449,2014-03-17,"38490,0"
450,2014-03-18,"35575,0"
451,2014-03-19,"33400,0"
452,2014-03-20,"29750,0"
453,2014-03-21,"27010,0"
454,2014-03-22,"28835,0"
455,2014-03-23,"16685,0"
456,2014-03-24,"33180,0"
457,2014-03-25,"36030,0"
458,2014-03-26,"32600,0"
459,2014-03-27,"32885,0"
460,2014-03-28,"23025,0"
461,2014-03-29,"30015,0"
462,2014-03-30,"14610,0"
463,2014-03-31,"27335,0"
464,2014-01-04,"30515,0"
465,2014-02-04,"31800,0"
466,2014-03-04,"29825,0"
467,2014-04-04,"27595,0"
468,2014-05-04,"28475,0"
469,2014-06-04,"14530,0"
470,2014-07-04,"31485,0"
471,2014-08-04,"32270,0"
472,2014-09-04,"27775,0"
473,2014-10-04,"26705,0"
474,2014-11-04,"22965,0"
475,2014-12-04,"30980,0"
476,2014-04-13,"14610,0"
477,2014-04-14,"33015,0"
478,2014-04-15,"31975,0"
479,2014-04-16,"31270,0"
480,2014-04-17,"29755,0"
481,2014-04-18,"20750,0"
482,2014-04-19,"25860,0"
483,2014-04-20,"15700,0"
484,2014-04-21,"33570,0"
485,2014-04-22,"29960,0"
486,2014-04-23,"28385,0"
487,2014-04-24,"27820,0"
488,2014-04-25,"26120,0"
489,2014-04-26,"24650,0"
490,2014-04-27,"17290,0"
491,2014-04-28,"34235,0"
492,2014-04-29,"31270,0"
493,2014-04-30,"31660,0"
494,2014-01-05,"27510,0"
495,2014-02-05,"27280,0"
496,2014-03-05,"28855,0"
497,2014-04-05,"16885,0"
498,2014-05-05,"32980,0"
499,2014-06-05,"30825,0"
500,2014-07-05,"30485,0"
501,2014-08-05,"27355,0"
502,2014-09-05,"32535,0"
503,2014-10-05,"31155,0"
504,2014-11-05,"16890,0"
505,2014-12-05,"33475,0"
506,2014-05-13,"33760,0"
507,2014-05-14,"31530,0"
508,2014-05-15,"29675,0"
509,2014-05-16,"28710,0"
510,2014-05-17,"26695,0"
511,2014-05-18,"16885,0"
512,2014-05-19,"30155,0"
513,2014-05-20,"30480,0"
514,2014-05-21,"30185,0"
515,2014-05-22,"28575,0"
516,2014-05-23,"25925,0"
517,2014-05-24,"29135,0"
518,2014-05-25,"18140,0"
519,2014-05-26,"32855,0"
520,2014-05-27,"30155,0"
521,2014-05-28,"31700,0"
522,2014-05-29,"29185,0"
523,2014-05-30,"28175,0"
524,2014-05-31,"27545,0"
525,2014-01-06,"16200,0"
526,2014-02-06,"32375,0"
527,2014-03-06,"30320,0"
528,2014-04-06,"28495,0"
529,2014-05-06,"28880,0"
530,2014-06-06,"27050,0"
531,2014-07-06,"28340,0"
532,2014-08-06,"17170,0"
533,2014-09-06,"32615,0"
534,2014-10-06,"30235,0"
535,2014-11-06,"30095,0"
536,2014-12-06,"29050,0"
537,2014-06-13,"27650,0"
538,2014-06-14,"27945,0"
539,2014-06-15,"19530,0"
540,2014-06-16,"32495,0"
541,2014-06-17,"30280,0"
542,2014-06-18,"29265,0"
543,2014-06-19,"28965,0"
544,2014-06-20,"27350,0"
545,2014-06-21,"28145,0"
546,2014-06-22,"17765,0"
547,2014-06-23,"38480,0"
548,2014-06-24,"40045,0"
549,2014-06-25,"35520,0"
550,2014-06-26,"30295,0"
551,2014-06-27,"31330,0"
552,2014-06-28,"35015,0"
553,2014-06-29,"14355,0"
554,2014-06-30,"30965,0"
555,2014-01-07,"35850,0"
556,2014-02-07,"29810,0"
557,2014-03-07,"27595,0"
558,2014-04-07,"28020,0"
559,2014-05-07,"27445,0"
560,2014-06-07,"17685,0"
561,2014-07-07,"30545,0"
562,2014-08-07,"28900,0"
563,2014-09-07,"27935,0"
564,2014-10-07,"26325,0"
565,2014-11-07,"23970,0"
566,2014-12-07,"25650,0"
567,2014-07-13,"11855,0"
568,2014-07-14,"27225,0"
569,2014-07-15,"27860,0"
570,2014-07-16,"30275,0"
571,2014-07-17,"30285,0"
572,2014-07-18,"27760,0"
573,2014-07-19,"31150,0"
574,2014-07-20,"18345,0"
575,2014-07-21,"37600,0"
576,2014-07-22,"32870,0"
577,2014-07-23,"29515,0"
578,2014-07-24,"27670,0"
579,2014-07-25,"31150,0"
580,2014-07-26,"32740,0"
581,2014-07-27,"32755,0"
582,2014-07-28,"23580,0"
583,2014-07-29,"15445,0"
584,2014-07-30,"14610,0"
585,2014-07-31,"25195,0"
586,2014-01-08,"27320,0"
587,2014-02-08,"27900,0"
588,2014-03-08,"17335,0"
589,2014-04-08,"36585,0"
590,2014-05-08,"33645,0"
591,2014-06-08,"35140,0"
592,2014-07-08,"32000,0"
593,2014-08-08,"32035,0"
594,2014-09-08,"33810,0"
595,2014-10-08,"15900,0"
596,2014-11-08,"33115,0"
597,2014-12-08,"31500,0"
598,2014-08-13,"31415,0"
599,2014-08-14,"32595,0"
600,2014-08-15,"30615,0"
601,2014-08-16,"34890,0"
602,2014-08-17,"16345,0"
603,2014-08-18,"35040,0"
604,2014-08-19,"33545,0"
605,2014-08-20,"32480,0"
606,2014-08-21,"32730,0"
607,2014-08-22,"38830,0"
608,2014-08-23,"32030,0"
609,2014-08-24,"18050,0"
610,2014-08-25,"40590,0"
611,2014-08-26,"35315,0"
612,2014-08-27,"34650,0"
613,2014-08-28,"33255,0"
614,2014-08-29,"32775,0"
615,2014-08-30,"38025,0"
616,2014-08-31,"15685,0"
617,2014-01-09,"41185,0"
618,2014-02-09,"44060,0"
619,2014-03-09,"32925,0"
620,2014-04-09,"37775,0"
621,2014-05-09,"32870,0"
622,2014-06-09,"33900,0"
623,2014-07-09,"19205,0"
624,2014-08-09,"35965,0"
625,2014-09-09,"42835,0"
626,2014-10-09,"35320,0"
627,2014-11-09,"32525,0"
628,2014-12-09,"32110,0"
629,2014-09-13,"30935,0"
630,2014-09-14,"19655,0"
631,2014-09-15,"39990,0"
632,2014-09-16,"38735,0"
633,2014-09-17,"35625,0"
634,2014-09-18,"37020,0"
635,2014-09-19,"32075,0"
636,2014-09-20,"34895,0"
637,2014-09-21,"14900,0"
638,2014-09-22,"36160,0"
639,2014-09-23,"34885,0"
640,2014-09-24,"37990,0"
641,2014-09-25,"31435,0"
642,2014-09-26,"35760,0"
643,2014-09-27,"34595,0"
644,2014-09-28,"24360,0"
645,2014-09-29,"44570,0"
646,2014-09-30,"40105,0"
647,2014-01-10,"40880,0"
648,2014-02-10,"39345,0"
649,2014-03-10,"41105,0"
650,2014-04-10,"33160,0"
651,2014-05-10,"32650,0"
652,2014-06-10,"26225,0"
653,2014-07-10,"28090,0"
654,2014-08-10,"41225,0"
655,2014-09-10,"40470,0"
656,2014-10-10,"37665,0"
657,2014-11-10,"33495,0"
658,2014-12-10,"16400,0"
659,2014-10-13,"38130,0"
660,2014-10-14,"37270,0"
661,2014-10-15,"34320,0"
662,2014-10-16,"29855,0"
663,2014-10-17,"29865,0"
664,2014-10-18,"27635,0"
665,2014-10-19,"18665,0"
666,2014-10-20,"39120,0"
667,2014-10-21,"35205,0"
668,2014-10-22,"34265,0"
669,2014-10-23,"33385,0"
670,2014-10-24,"30030,0"
671,2014-10-25,"29570,0"
672,2014-10-26,"18325,0"
673,2014-10-27,"42070,0"
674,2014-10-28,"44970,0"
675,2014-10-29,"39370,0"
676,2014-10-30,"31620,0"
677,2014-10-31,"29950,0"
678,2014-01-11,"28600,0"
679,2014-02-11,"18915,0"
680,2014-03-11,"38100,0"
681,2014-04-11,"39080,0"
682,2014-05-11,"39405,0"
683,2014-06-11,"34745,0"
684,2014-07-11,"33290,0"
685,2014-08-11,"32785,0"
686,2014-09-11,"17815,0"
687,2014-10-11,"42180,0"
688,2014-11-11,"41460,0"
689,2014-12-11,"36215,0"
690,2014-11-13,"34565,0"
691,2014-11-14,"33975,0"
692,2014-11-15,"29920,0"
693,2014-11-16,"18750,0"
694,2014-11-17,"40770,0"
695,2014-11-18,"36360,0"
696,2014-11-19,"32540,0"
697,2014-11-20,"36435,0"
698,2014-11-21,"37100,0"
699,2014-11-22,"32030,0"
700,2014-11-23,"18910,0"
701,2014-11-24,"44745,0"
702,2014-11-25,"38965,0"
703,2014-11-26,"36055,0"
704,2014-11-27,"39710,0"
705,2014-11-28,"37870,0"
706,2014-11-29,"35225,0"
707,2014-11-30,"18765,0"
708,2014-01-12,"45745,0"
709,2014-02-12,"37255,0"
710,2014-03-12,"42130,0"
711,2014-04-12,"36705,0"
712,2014-05-12,"33335,0"
713,2014-06-12,"33240,0"
714,2014-07-12,"17955,0"
715,2014-08-12,"42450,0"
716,2014-09-12,"38850,0"
717,2014-10-12,"39885,0"
718,2014-11-12,"38815,0"
719,2014-12-12,"29080,0"
720,2014-12-13,"34100,0"
721,2014-12-14,"19070,0"
722,2014-12-15,"41180,0"
723,2014-12-16,"39740,0"
724,2014-12-17,"38020,0"
725,2014-12-18,"33725,0"
726,2014-12-19,"33605,0"
727,2014-12-20,"33820,0"
728,2014-12-21,"16475,0"
729,2014-12-22,"39900,0"
730,2014-12-23,"39350,0"
731,2014-12-24,"34360,0"
732,2014-12-25,"27530,0"
733,2014-12-26,"30815,0"
734,2014-12-27,"52850,0"
735,2014-12-28,"16620,0"
736,2014-12-29,"42440,0"
737,2014-12-30,"38345,0"
738,2014-12-31,"39090,0"
739,2015-01-01,"31320,0"
740,2015-02-01,"34715,0"
741,2015-03-01,"25070,0"
742,2015-04-01,"17525,0"
743,2015-05-01,"43625,0"
744,2015-06-01,"29090,0"
745,2015-07-01,"8170,0"
746,2015-08-01,"21465,0"
747,2015-09-01,"32575,0"
748,2015-10-01,"31160,0"
749,2015-11-01,"17215,0"
750,2015-12-01,"46390,0"
751,2015-01-13,"47020,0"
752,2015-01-14,"44380,0"
753,2015-01-15,"40135,0"
754,2015-01-16,"38975,0"
755,2015-01-17,"35255,0"
756,2015-01-18,"18580,0"
757,2015-01-19,"43570,0"
758,2015-01-20,"40105,0"
759,2015-01-21,"33615,0"
760,2015-01-22,"40970,0"
761,2015-01-23,"35250,0"
762,2015-01-24,"35760,0"
763,2015-01-25,"20630,0"
764,2015-01-26,"45195,0"
765,2015-01-27,"41905,0"
766,2015-01-28,"41450,0"
767,2015-01-29,"40690,0"
768,2015-01-30,"37640,0"
769,2015-01-31,"33495,0"
770,2015-01-02,"21050,0"
771,2015-02-02,"38100,0"
772,2015-03-02,"36670,0"
773,2015-04-02,"40700,0"
774,2015-05-02,"42890,0"
775,2015-06-02,"37375,0"
776,2015-07-02,"35585,0"
777,2015-08-02,"15915,0"
778,2015-09-02,"43435,0"
779,2015-10-02,"40185,0"
780,2015-11-02,"38235,0"
781,2015-12-02,"38825,0"
782,2015-02-13,"36075,0"
783,2015-02-14,"33910,0"
784,2015-02-15,"19905,0"
785,2015-02-16,"44950,0"
786,2015-02-17,"35080,0"
787,2015-02-18,"26455,0"
788,2015-02-19,"40850,0"
789,2015-02-20,"36725,0"
790,2015-02-21,"31690,0"
791,2015-02-22,"18580,0"
792,2015-02-23,"41730,0"
793,2015-02-24,"41790,0"
794,2015-02-25,"44195,0"
795,2015-02-26,"41580,0"
796,2015-02-27,"37960,0"
797,2015-02-28,"35550,0"
798,2015-01-03,"17885,0"
799,2015-02-03,"42975,0"
800,2015-03-03,"38655,0"
801,2015-04-03,"36975,0"
802,2015-05-03,"35500,0"
803,2015-06-03,"31695,0"
804,2015-07-03,"37105,0"
805,2015-08-03,"18520,0"
806,2015-09-03,"42380,0"
807,2015-10-03,"37780,0"
808,2015-11-03,"35480,0"
809,2015-12-03,"33500,0"
810,2015-03-13,"37305,0"
811,2015-03-14,"33745,0"
812,2015-03-15,"15125,0"
813,2015-03-16,"41610,0"
814,2015-03-17,"39740,0"
815,2015-03-18,"32105,0"
816,2015-03-19,"30755,0"
817,2015-03-20,"30055,0"
818,2015-03-21,"28075,0"
819,2015-03-22,"20125,0"
820,2015-03-23,"40225,0"
821,2015-03-24,"43165,0"
822,2015-03-25,"37080,0"
823,2015-03-26,"38560,0"
824,2015-03-27,"30610,0"
825,2015-03-28,"33895,0"
826,2015-03-29,"15130,0"
827,2015-03-30,"40180,0"
828,2015-03-31,"41450,0"
829,2015-01-04,"39130,0"
830,2015-02-04,"32970,0"
831,2015-03-04,"31770,0"
832,2015-04-04,"30330,0"
833,2015-05-04,"14255,0"
834,2015-06-04,"39130,0"
835,2015-07-04,"38335,0"
836,2015-08-04,"33905,0"
837,2015-09-04,"30460,0"
838,2015-10-04,"28555,0"
839,2015-11-04,"30035,0"
840,2015-12-04,"17470,0"
841,2015-04-13,"34450,0"
842,2015-04-14,"38790,0"
843,2015-04-15,"42840,0"
844,2015-04-16,"43030,0"
845,2015-04-17,"37220,0"
846,2015-04-18,"32935,0"
847,2015-04-19,"16740,0"
848,2015-04-20,"39745,0"
849,2015-04-21,"36990,0"
850,2015-04-22,"32405,0"
851,2015-04-23,"20355,0"
852,2015-04-24,"28155,0"
853,2015-04-25,"34890,0"
854,2015-04-26,"16470,0"
855,2015-04-27,"41605,0"
856,2015-04-28,"36825,0"
857,2015-04-29,"36840,0"
858,2015-04-30,"33610,0"
859,2015-01-05,"30930,0"
860,2015-02-05,"32890,0"
861,2015-03-05,"17320,0"
862,2015-04-05,"37800,0"
863,2015-05-05,"33395,0"
864,2015-06-05,"33550,0"
865,2015-07-05,"31100,0"
866,2015-08-05,"29545,0"
867,2015-09-05,"33890,0"
868,2015-10-05,"16895,0"
869,2015-11-05,"38165,0"
870,2015-12-05,"34325,0"
871,2015-05-13,"34170,0"
872,2015-05-14,"32970,0"
873,2015-05-15,"44165,0"
874,2015-05-16,"30100,0"
875,2015-05-17,"17225,0"
876,2015-05-18,"38065,0"
877,2015-05-19,"36035,0"
878,2015-05-20,"36030,0"
879,2015-05-21,"33060,0"
880,2015-05-22,"31910,0"
881,2015-05-23,"42895,0"
882,2015-05-24,"17075,0"
883,2015-05-25,"33415,0"
884,2015-05-26,"34665,0"
885,2015-05-27,"33555,0"
886,2015-05-28,"33410,0"
887,2015-05-29,"33700,0"
888,2015-05-30,"30180,0"
889,2015-05-31,"15875,0"
890,2015-01-06,"46510,0"
891,2015-02-06,"47730,0"
892,2015-03-06,"36870,0"
893,2015-04-06,"32430,0"
894,2015-05-06,"36910,0"
895,2015-06-06,"30800,0"
896,2015-07-06,"17075,0"
897,2015-08-06,"55165,0"
898,2015-09-06,"35025,0"
899,2015-10-06,"36560,0"
900,2015-11-06,"35975,0"
901,2015-12-06,"41660,0"
902,2015-06-13,"41660,0"
903,2015-06-14,"19670,0"
904,2015-06-15,"40370,0"
905,2015-06-16,"46530,0"
906,2015-06-17,"36805,0"
907,2015-06-18,"36265,0"
908,2015-06-19,"29540,0"
909,2015-06-20,"32625,0"
910,2015-06-21,"17355,0"
911,2015-06-22,"34940,0"
912,2015-06-23,"49885,0"
913,2015-06-24,"33545,0"
914,2015-06-25,"31270,0"
915,2015-06-26,"31600,0"
916,2015-06-27,"28825,0"
917,2015-06-28,"19275,0"
918,2015-06-29,"35720,0"
919,2015-06-30,"34155,0"
920,2015-01-07,"50335,0"
921,2015-02-07,"31505,0"
922,2015-03-07,"31035,0"
923,2015-04-07,"31175,0"
924,2015-05-07,"15380,0"
925,2015-06-07,"31910,0"
926,2015-07-07,"32755,0"
927,2015-08-07,"32075,0"
928,2015-09-07,"42150,0"
929,2015-10-07,"31630,0"
930,2015-11-07,"30120,0"
931,2015-12-07,"19795,0"
932,2015-07-13,"38225,0"
933,2015-07-14,"35685,0"
934,2015-07-15,"40880,0"
935,2015-07-16,"34025,0"
936,2015-07-17,"30835,0"
937,2015-07-18,"16040,0"
938,2015-07-19,"13200,0"
939,2015-07-20,"47645,0"
940,2015-07-21,"34910,0"
941,2015-07-22,"33575,0"
942,2015-07-23,"33750,0"
943,2015-07-24,"34185,0"
944,2015-07-25,"34345,0"
945,2015-07-26,"16605,0"
946,2015-07-27,"39715,0"
947,2015-07-28,"34000,0"
948,2015-07-29,"33830,0"
949,2015-07-30,"35205,0"
950,2015-07-31,"28085,0"
951,2015-01-08,"34745,0"
952,2015-02-08,"18430,0"
953,2015-03-08,"37695,0"
954,2015-04-08,"34840,0"
955,2015-05-08,"33120,0"
956,2015-06-08,"30575,0"
957,2015-07-08,"32195,0"
958,2015-08-08,"33355,0"
959,2015-09-08,"15515,0"
960,2015-10-08,"35420,0"
961,2015-11-08,"37585,0"
962,2015-12-08,"39035,0"
963,2015-08-13,"35980,0"
964,2015-08-14,"35595,0"
965,2015-08-15,"37355,0"
966,2015-08-16,"18040,0"
967,2015-08-17,"37150,0"
968,2015-08-18,"43890,0"
969,2015-08-19,"39495,0"
970,2015-08-20,"35660,0"
971,2015-08-21,"32445,0"
972,2015-08-22,"38185,0"
973,2015-08-23,"18655,0"
974,2015-08-24,"38930,0"
975,2015-08-25,"35340,0"
976,2015-08-26,"34685,0"
977,2015-08-27,"31060,0"
978,2015-08-28,"32000,0"
979,2015-08-29,"31575,0"
980,2015-08-30,"14435,0"
981,2015-08-31,"36915,0"
982,2015-01-09,"37975,0"
983,2015-02-09,"36170,0"
984,2015-03-09,"54295,0"
985,2015-04-09,"30385,0"
986,2015-05-09,"31765,0"
987,2015-06-09,"15820,0"
988,2015-07-09,"38490,0"
989,2015-08-09,"41585,0"
990,2015-09-09,"36970,0"
991,2015-10-09,"35610,0"
992,2015-11-09,"30940,0"
993,2015-12-09,"42160,0"
994,2015-09-13,"18805,0"
995,2015-09-14,"38885,0"
996,2015-09-15,"36995,0"
997,2015-09-16,"37345,0"
998,2015-09-17,"33310,0"
999,2015-09-18,"35450,0"
1000,2015-09-19,"35705,0"
1001,2015-09-20,"19600,0"
1002,2015-09-21,"40900,0"
1003,2015-09-22,"40810,0"
1004,2015-09-23,"51450,0"
1005,2015-09-24,"33360,0"
1006,2015-09-25,"35895,0"
1007,2015-09-26,"29955,0"
1008,2015-09-27,"27010,0"
1009,2015-09-28,"44680,0"
1010,2015-09-29,"35845,0"
1011,2015-09-30,"39760,0"
1012,2015-01-10,"40525,0"
1013,2015-02-10,"33870,0"
1014,2015-03-10,"37485,0"
1015,2015-04-10,"19205,0"
1016,2015-05-10,"52505,0"
1017,2015-06-10,"35620,0"
1018,2015-07-10,"36785,0"
1019,2015-08-10,"37905,0"
1020,2015-09-10,"32375,0"
1021,2015-10-10,"36080,0"
1022,2015-11-10,"14310,0"
1023,2015-12-10,"40255,0"
1024,2015-10-13,"33095,0"
1025,2015-10-14,"36280,0"
1026,2015-10-15,"32055,0"
1027,2015-10-16,"34830,0"
1028,2015-10-17,"36780,0"
1029,2015-10-18,"17045,0"
1030,2015-10-19,"40645,0"
1031,2015-10-20,"35460,0"
1032,2015-10-21,"37370,0"
1033,2015-10-22,"32490,0"
1034,2015-10-23,"31050,0"
1035,2015-10-24,"38055,0"
1036,2015-10-25,"17990,0"
1037,2015-10-26,"58045,0"
1038,2015-10-27,"36360,0"
1039,2015-10-28,"33770,0"
1040,2015-10-29,"30380,0"
1041,2015-10-30,"34310,0"
1042,2015-10-31,"32680,0"
1043,2015-01-11,"14995,0"
1044,2015-02-11,"36860,0"
1045,2015-03-11,"45040,0"
1046,2015-04-11,"43215,0"
1047,2015-05-11,"32325,0"
1048,2015-06-11,"36340,0"
1049,2015-07-11,"34705,0"
1050,2015-08-11,"18165,0"
1051,2015-09-11,"39835,0"
1052,2015-10-11,"36415,0"
1053,2015-11-11,"35085,0"
1054,2015-12-11,"33100,0"
1055,2015-11-13,"33770,0"
1056,2015-11-14,"34320,0"
1057,2015-11-15,"17205,0"
1058,2015-11-16,"41455,0"
1059,2015-11-17,"36205,0"
1060,2015-11-18,"35660,0"
1061,2015-11-19,"40580,0"
1062,2015-11-20,"31800,0"
1063,2015-11-21,"29945,0"
1064,2015-11-22,"17290,0"
1065,2015-11-23,"38320,0"
1066,2015-11-24,"36505,0"
1067,2015-11-25,"47740,0"
1068,2015-11-26,"36935,0"
1069,2015-11-27,"35660,0"
1070,2015-11-28,"32705,0"
1071,2015-11-29,"17390,0"
1072,2015-11-30,"43990,0"
1073,2015-01-12,"45075,0"
1074,2015-02-12,"48875,0"
1075,2015-03-12,"36010,0"
1076,2015-04-12,"35405,0"
1077,2015-05-12,"40715,0"
1078,2015-06-12,"14200,0"
1079,2015-07-12,"40235,0"
1080,2015-08-12,"35500,0"
1081,2015-09-12,"36175,0"
1082,2015-10-12,"35030,0"
1083,2015-11-12,"30425,0"
1084,2015-12-12,"35400,0"
1085,2015-12-13,"15370,0"
1086,2015-12-14,"46035,0"
1087,2015-12-15,"42525,0"
1088,2015-12-16,"42380,0"
1089,2015-12-17,"40735,0"
1090,2015-12-18,"33710,0"
1091,2015-12-19,"31665,0"
1092,2015-12-20,"17165,0"
1093,2015-12-21,"39505,0"
1094,2015-12-22,"37905,0"
1095,2015-12-23,"38860,0"
1096,2015-12-24,"36825,0"
1097,2015-12-25,"33855,0"
1098,2015-12-26,"34000,0"
1099,2015-12-27,"14200,0"
1100,2015-12-28,"37335,0"
1101,2015-12-29,"45495,0"
1102,2015-12-30,"41370,0"
1103,2015-12-31,"35475,0"
1104,2016-01-01,"30170,0"
1105,2016-02-01,"27570,0"
1106,2016-03-01,"15910,0"
1107,2016-04-01,"43630,0"
1108,2016-05-01,"42200,0"
1109,2016-06-01,"44570,0"
1110,2016-07-01,"36830,0"
1111,2016-08-01,"42220,0"
1112,2016-09-01,"34935,0"
1113,2016-10-01,"21065,0"
1114,2016-11-01,"41055,0"
1115,2016-12-01,"37485,0"
1116,2016-01-13,"42025,0"
1117,2016-01-14,"40725,0"
1118,2016-01-15,"41385,0"
1119,2016-01-16,"38045,0"
1120,2016-01-17,"16365,0"
1121,2016-01-18,"47885,0"
1122,2016-01-19,"41250,0"
1123,2016-01-20,"39510,0"
1124,2016-01-21,"34145,0"
1125,2016-01-22,"36460,0"
1126,2016-01-23,"31885,0"
1127,2016-01-24,"13800,0"
1128,2016-01-25,"38640,0"
1129,2016-01-26,"31190,0"
1130,2016-01-27,"45810,0"
1131,2016-01-28,"43385,0"
1132,2016-01-29,"34840,0"
1133,2016-01-30,"34855,0"
1134,2016-01-31,"17125,0"
1135,2016-01-02,"55620,0"
1136,2016-02-02,"45515,0"
1137,2016-03-02,"45805,0"
1138,2016-04-02,"39420,0"
1139,2016-05-02,"37905,0"
1140,2016-06-02,"32535,0"
1141,2016-07-02,"15920,0"
1142,2016-08-02,"44930,0"
1143,2016-09-02,"44165,0"
1144,2016-10-02,"43190,0"
1145,2016-11-02,"37685,0"
1146,2016-12-02,"33600,0"
1147,2016-02-13,"33700,0"
1148,2016-02-14,"19060,0"
1149,2016-02-15,"44300,0"
1150,2016-02-16,"39895,0"
1151,2016-02-17,"46855,0"
1152,2016-02-18,"39065,0"
1153,2016-02-19,"36180,0"
1154,2016-02-20,"39435,0"
1155,2016-02-21,"16445,0"
1156,2016-02-22,"46380,0"
1157,2016-02-23,"48470,0"
1158,2016-02-24,"38880,0"
1159,2016-02-25,"36790,0"
1160,2016-02-26,"31845,0"
1161,2016-02-27,"37650,0"
1162,2016-02-28,"18380,0"
1163,2016-02-29,"52475,0"
1164,2016-01-03,"40645,0"
1165,2016-02-03,"40900,0"
1166,2016-03-03,"33565,0"
1167,2016-04-03,"34165,0"
1168,2016-05-03,"32680,0"
1169,2016-06-03,"19275,0"
1170,2016-07-03,"42935,0"
1171,2016-08-03,"42130,0"
1172,2016-09-03,"40170,0"
1173,2016-10-03,"30995,0"
1174,2016-11-03,"37755,0"
1175,2016-12-03,"32150,0"
1176,2016-03-13,"17865,0"
1177,2016-03-14,"42375,0"
1178,2016-03-15,"36295,0"
1179,2016-03-16,"33555,0"
1180,2016-03-17,"35725,0"
1181,2016-03-18,"33080,0"
1182,2016-03-19,"32475,0"
1183,2016-03-20,"16350,0"
1184,2016-03-21,"38220,0"
1185,2016-03-22,"36075,0"
1186,2016-03-23,"32305,0"
1187,2016-03-24,"39430,0"
1188,2016-03-25,"36140,0"
1189,2016-03-26,"31375,0"
1190,2016-03-27,"16655,0"
1191,2016-03-28,"43010,0"
1192,2016-03-29,"44300,0"
1193,2016-03-30,"37570,0"
1194,2016-03-31,"35110,0"
1195,2016-01-04,"30580,0"
1196,2016-02-04,"34680,0"
1197,2016-03-04,"13070,0"
1198,2016-04-04,"37995,0"
1199,2016-05-04,"36410,0"
1200,2016-06-04,"34765,0"
1201,2016-07-04,"31735,0"
1202,2016-08-04,"34370,0"
1203,2016-09-04,"35420,0"
1204,2016-10-04,"15195,0"
1205,2016-11-04,"41060,0"
1206,2016-12-04,"36970,0"
1207,2016-04-13,"35510,0"
1208,2016-04-14,"30685,0"
1209,2016-04-15,"40450,0"
1210,2016-04-16,"30930,0"
1211,2016-04-17,"16000,0"
1212,2016-04-18,"37815,0"
1213,2016-04-19,"36075,0"
1214,2016-04-20,"37110,0"
1215,2016-04-21,"36600,0"
1216,2016-04-22,"33380,0"
1217,2016-04-23,"40865,0"
1218,2016-04-24,"14445,0"
1219,2016-04-25,"35750,0"
1220,2016-04-26,"34280,0"
1221,2016-04-27,"42205,0"
1222,2016-04-28,"32110,0"
1223,2016-04-29,"28105,0"
1224,2016-04-30,"33730,0"
1225,2016-01-05,"17270,0"
1226,2016-02-05,"40870,0"
1227,2016-03-05,"36655,0"
1228,2016-04-05,"34635,0"
1229,2016-05-05,"32330,0"
1230,2016-06-05,"26300,0"
1231,2016-07-05,"34435,0"
1232,2016-08-05,"15765,0"
1233,2016-09-05,"38075,0"
1234,2016-10-05,"35265,0"
1235,2016-11-05,"36395,0"
1236,2016-12-05,"32730,0"
1237,2016-05-13,"29975,0"
1238,2016-05-14,"32225,0"
1239,2016-05-15,"17575,0"
1240,2016-05-16,"36940,0"
1241,2016-05-17,"33450,0"
1242,2016-05-18,"35115,0"
1243,2016-05-19,"34640,0"
1244,2016-05-20,"33460,0"
1245,2016-05-21,"46875,0"
1246,2016-05-22,"14385,0"
1247,2016-05-23,"40900,0"
1248,2016-05-24,"34715,0"
1249,2016-05-25,"34365,0"
1250,2016-05-26,"32080,0"
1251,2016-05-27,"31755,0"
1252,2016-05-28,"35750,0"
1253,2016-05-29,"17915,0"
1254,2016-05-30,"40990,0"
1255,2016-05-31,"38135,0"
1256,2016-01-06,"38750,0"
1257,2016-02-06,"31110,0"
1258,2016-03-06,"32365,0"
1259,2016-04-06,"37685,0"
1260,2016-05-06,"17780,0"
1261,2016-06-06,"42415,0"
1262,2016-07-06,"38540,0"
1263,2016-08-06,"37280,0"
1264,2016-09-06,"37045,0"
1265,2016-10-06,"38180,0"
1266,2016-11-06,"33530,0"
1267,2016-12-06,"16910,0"
1268,2016-06-13,"36490,0"
1269,2016-06-14,"34230,0"
1270,2016-06-15,"38175,0"
1271,2016-06-16,"31820,0"
1272,2016-06-17,"30390,0"
1273,2016-06-18,"32740,0"
1274,2016-06-19,"19625,0"
1275,2016-06-20,"35145,0"
1276,2016-06-21,"36080,0"
1277,2016-06-22,"36385,0"
1278,2016-06-23,"34855,0"
1279,2016-06-24,"34570,0"
1280,2016-06-25,"34230,0"
1281,2016-06-26,"18585,0"
1282,2016-06-27,"43855,0"
1283,2016-06-28,"36455,0"
1284,2016-06-29,"38545,0"
1285,2016-06-30,"39150,0"
1286,2016-01-07,"40060,0"
1287,2016-02-07,"40695,0"
1288,2016-03-07,"22780,0"
1289,2016-04-07,"38955,0"
1290,2016-05-07,"33565,0"
1291,2016-06-07,"19725,0"
1292,2016-07-07,"15470,0"
1293,2016-08-07,"27330,0"
1294,2016-09-07,"31345,0"
1295,2016-10-07,"15635,0"
1296,2016-11-07,"37000,0"
1297,2016-12-07,"37035,0"
1298,2016-07-13,"37110,0"
1299,2016-07-14,"32565,0"
1300,2016-07-15,"32830,0"
1301,2016-07-16,"30050,0"
1302,2016-07-17,"17650,0"
1303,2016-07-18,"37425,0"
1304,2016-07-19,"37265,0"
1305,2016-07-20,"37710,0"
1306,2016-07-21,"38740,0"
1307,2016-07-22,"35005,0"
1308,2016-07-23,"34110,0"
1309,2016-07-24,"18175,0"
1310,2016-07-25,"45870,0"
1311,2016-07-26,"37975,0"
1312,2016-07-27,"34060,0"
1313,2016-07-28,"37405,0"
1314,2016-07-29,"33030,0"
1315,2016-07-30,"34540,0"
1316,2016-07-31,"19185,0"
1317,2016-01-08,"37630,0"
1318,2016-02-08,"35745,0"
1319,2016-03-08,"35885,0"
1320,2016-04-08,"34885,0"
1321,2016-05-08,"33535,0"
1322,2016-06-08,"36000,0"
1323,2016-07-08,"18280,0"
1324,2016-08-08,"35085,0"
1325,2016-09-08,"36730,0"
1326,2016-10-08,"36765,0"
1327,2016-11-08,"34385,0"
1328,2016-12-08,"34020,0"
1329,2016-08-13,"35590,0"
1330,2016-08-14,"18135,0"
1331,2016-08-15,"38265,0"
1332,2016-08-16,"37205,0"
1333,2016-08-17,"34935,0"
1334,2016-08-18,"34010,0"
1335,2016-08-19,"31550,0"
1336,2016-08-20,"37730,0"
1337,2016-08-21,"20025,0"
1338,2016-08-22,"37165,0"
1339,2016-08-23,"38470,0"
1340,2016-08-24,"38460,0"
1341,2016-08-25,"37520,0"
1342,2016-08-26,"33340,0"
1343,2016-08-27,"37940,0"
1344,2016-08-28,"20830,0"
1345,2016-08-29,"45555,0"
1346,2016-08-30,"40840,0"
1347,2016-08-31,"42845,0"
1348,2016-01-09,"38175,0"
1349,2016-02-09,"36835,0"
1350,2016-03-09,"37880,0"
1351,2016-04-09,"20260,0"
1352,2016-05-09,"42270,0"
1353,2016-06-09,"47265,0"
1354,2016-07-09,"45800,0"
1355,2016-08-09,"38750,0"
1356,2016-09-09,"43815,0"
1357,2016-10-09,"44605,0"
1358,2016-11-09,"46220,0"
1359,2016-12-09,"37750,0"
1360,2016-09-13,"44665,0"
1361,2016-09-14,"33745,0"
1362,2016-09-15,"34290,0"
1363,2016-09-16,"43580,0"
1364,2016-09-17,"45815,0"
1365,2016-09-18,"21615,0"
1366,2016-09-19,"40900,0"
1367,2016-09-20,"40820,0"
1368,2016-09-21,"47950,0"
1369,2016-09-22,"42295,0"
1370,2016-09-23,"40010,0"
1371,2016-09-24,"41630,0"
1372,2016-09-25,"19980,0"
1373,2016-09-26,"42610,0"
1374,2016-09-27,"39515,0"
1375,2016-09-28,"41105,0"
1376,2016-09-29,"37875,0"
1377,2016-09-30,"36585,0"
1378,2016-01-10,"35625,0"
1379,2016-02-10,"19565,0"
1380,2016-03-10,"41965,0"
1381,2016-04-10,"37730,0"
1382,2016-05-10,"35435,0"
1383,2016-06-10,"36200,0"
1384,2016-07-10,"37215,0"
1385,2016-08-10,"36195,0"
1386,2016-09-10,"20410,0"
1387,2016-10-10,"40835,0"
1388,2016-11-10,"39365,0"
1389,2016-12-10,"37840,0"
1390,2016-10-13,"36460,0"
1391,2016-10-14,"35000,0"
1392,2016-10-15,"34760,0"
1393,2016-10-16,"19215,0"
1394,2016-10-17,"38815,0"
1395,2016-10-18,"37795,0"
1396,2016-10-19,"36930,0"
1397,2016-10-20,"34070,0"
1398,2016-10-21,"33955,0"
1399,2016-10-22,"34425,0"
1400,2016-10-23,"18670,0"
1401,2016-10-24,"39935,0"
1402,2016-10-25,"39405,0"
1403,2016-10-26,"38560,0"
1404,2016-10-27,"34865,0"
1405,2016-10-28,"33210,0"
1406,2016-10-29,"34045,0"
1407,2016-10-30,"19140,0"
1408,2016-10-31,"41510,0"
1409,2016-01-11,"60220,0"
1410,2016-02-11,"37085,0"
1411,2016-03-11,"38030,0"
1412,2016-04-11,"38090,0"
1413,2016-05-11,"38710,0"
1414,2016-06-11,"21515,0"
1415,2016-07-11,"41555,0"
1416,2016-08-11,"39735,0"
1417,2016-09-11,"39370,0"
1418,2016-10-11,"38150,0"
1419,2016-11-11,"43310,0"
1420,2016-12-11,"35830,0"
1421,2016-11-13,"20900,0"
1422,2016-11-14,"40860,0"
1423,2016-11-15,"42345,0"
1424,2016-11-16,"41095,0"
1425,2016-11-17,"37780,0"
1426,2016-11-18,"35775,0"
1427,2016-11-19,"35165,0"
1428,2016-11-20,"18470,0"
1429,2016-11-21,"40595,0"
1430,2016-11-22,"40635,0"
1431,2016-11-23,"40810,0"
1432,2016-11-24,"35300,0"
1433,2016-11-25,"33970,0"
1434,2016-11-26,"35440,0"
1435,2016-11-27,"17025,0"
1436,2016-11-28,"42585,0"
1437,2016-11-29,"40930,0"
1438,2016-11-30,"44785,0"
1439,2016-01-12,"40085,0"
1440,2016-02-12,"44475,0"
1441,2016-03-12,"39425,0"
1442,2016-04-12,"21085,0"
1443,2016-05-12,"43175,0"
1444,2016-06-12,"38990,0"
1445,2016-07-12,"38480,0"
1446,2016-08-12,"34155,0"
1447,2016-09-12,"32935,0"
1448,2016-10-12,"40385,0"
1449,2016-11-12,"18335,0"
1450,2016-12-12,"43340,0"
1451,2016-12-13,"40130,0"
1452,2016-12-14,"34210,0"
1453,2016-12-15,"34955,0"
1454,2016-12-16,"32340,0"
1455,2016-12-17,"32695,0"
1456,2016-12-18,"22250,0"
1457,2016-12-19,"32315,0"
1458,2016-12-20,"34600,0"
1459,2016-12-21,"29115,0"
1460,2016-12-22,"19930,0"
1461,2016-12-23,"11710,0"
1462,2016-12-24,"25195,0"
1463,2016-12-25,"20610,0"
1464,2016-12-26,"36700,0"
1465,2016-12-27,"30525,0"
1466,2016-12-28,"35385,0"
1467,2016-12-29,"38910,0"
1468,2016-12-30,"14815,0"
1469,2016-12-31,"33080,0"
1470,2017-01-01,"22530,0"
1471,2017-02-01,"31795,0"
1472,2017-03-01,"30140,0"
1473,2017-04-01,"33300,0"
1474,2017-05-01,"37965,0"
1475,2017-06-01,"43235,0"
1476,2017-07-01,"45180,0"
1477,2017-08-01,"16800,0"
1478,2017-09-01,"46950,0"
1479,2017-10-01,"35835,0"
1480,2017-11-01,"39555,0"
1481,2017-12-01,"43340,0"
1482,2017-01-13,"36180,0"
1483,2017-01-14,"33290,0"
1484,2017-01-15,"22310,0"
1485,2017-01-16,"43775,0"
1486,2017-01-17,"49965,0"
1487,2017-01-18,"37940,0"
1488,2017-01-19,"56915,0"
1489,2017-01-20,"40875,0"
1490,2017-01-21,"46525,0"
1491,2017-01-22,"24975,0"
1492,2017-01-23,"47420,0"
1493,2017-01-24,"44950,0"
1494,2017-01-25,"46050,0"
1495,2017-01-26,"47615,0"
1496,2017-01-27,"35485,0"
1497,2017-01-28,"36010,0"
1498,2017-01-29,"21815,0"
1499,2017-01-30,"37960,0"
1500,2017-01-31,"32945,0"
1501,2017-01-02,"32715,0"
1502,2017-02-02,"29590,0"
1503,2017-03-02,"37175,0"
1504,2017-04-02,"39995,0"
1505,2017-05-02,"23395,0"
1506,2017-06-02,"48160,0"
1507,2017-07-02,"50820,0"
1508,2017-08-02,"48490,0"
1509,2017-09-02,"49715,0"
1510,2017-10-02,"43745,0"
1511,2017-11-02,"46085,0"
1512,2017-12-02,"22290,0"
1513,2017-02-13,"46355,0"
1514,2017-02-14,"38305,0"
1515,2017-02-15,"40120,0"
1516,2017-02-16,"38590,0"
1517,2017-02-17,"40460,0"
1518,2017-02-18,"39280,0"
1519,2017-02-19,"20615,0"
1520,2017-02-20,"49140,0"
1521,2017-02-21,"50220,0"
1522,2017-02-22,"50035,0"
1523,2017-02-23,"47520,0"
1524,2017-02-24,"39950,0"
1525,2017-02-25,"46800,0"
1526,2017-02-26,"25975,0"
1527,2017-02-27,"54010,0"
1528,2017-02-28,"51725,0"
1529,2017-01-03,"49600,0"
1530,2017-02-03,"52570,0"
1531,2017-03-03,"46220,0"
1532,2017-04-03,"46410,0"
1533,2017-05-03,"31360,0"
1534,2017-06-03,"51150,0"
1535,2017-07-03,"52345,0"
1536,2017-08-03,"49625,0"
1537,2017-09-03,"48450,0"
1538,2017-10-03,"48910,0"
1539,2017-11-03,"41960,0"
1540,2017-12-03,"20800,0"
1541,2017-03-13,"56195,0"
1542,2017-03-14,"51835,0"
1543,2017-03-15,"45940,0"
1544,2017-03-16,"43895,0"
1545,2017-03-17,"35890,0"
1546,2017-03-18,"37235,0"
1547,2017-03-19,"20690,0"
1548,2017-03-20,"48950,0"
1549,2017-03-21,"43495,0"
1550,2017-03-22,"47140,0"
1551,2017-03-23,"39375,0"
1552,2017-03-24,"45670,0"
1553,2017-03-25,"40085,0"
1554,2017-03-26,"20895,0"
1555,2017-03-27,"44125,0"
1556,2017-03-28,"40365,0"
1557,2017-03-29,"39895,0"
1558,2017-03-30,"37665,0"
1559,2017-03-31,"33285,0"
1560,2017-01-04,"39530,0"
1561,2017-02-04,"46320,0"
1562,2017-03-04,"46590,0"
1563,2017-04-04,"40915,0"
1564,2017-05-04,"42950,0"
1565,2017-06-04,"37925,0"
1566,2017-07-04,"33825,0"
1567,2017-08-04,"36105,0"
1568,2017-09-04,"19305,0"
1569,2017-10-04,"39695,0"
1570,2017-11-04,"37650,0"
1571,2017-12-04,"39875,0"
1572,2017-04-13,"37860,0"
1573,2017-04-14,"34375,0"
1574,2017-04-15,"40125,0"
1575,2017-04-16,"19090,0"
1576,2017-04-17,"39560,0"
1577,2017-04-18,"38115,0"
1578,2017-04-19,"39005,0"
1579,2017-04-20,"39675,0"
1580,2017-04-21,"33260,0"
1581,2017-04-22,"34180,0"
1582,2017-04-23,"18765,0"
1583,2017-04-24,"41515,0"
1584,2017-04-25,"39215,0"
1585,2017-04-26,"35250,0"
1586,2017-04-27,"32570,0"
1587,2017-04-28,"33450,0"
1588,2017-04-29,"35295,0"
1589,2017-04-30,"20437,0"
1590,2017-01-05,"38156,0"
1591,2017-02-05,"38666,0"
1592,2017-03-05,"37128,0"
1593,2017-04-05,"36122,0"
1594,2017-05-05,"33354,0"
1595,2017-06-05,"32952,0"
1596,2017-07-05,"19494,0"
1597,2017-08-05,"43482,0"
1598,2017-09-05,"45880,0"
1599,2017-10-05,"42268,0"
1600,2017-11-05,"40550,0"
1601,2017-12-05,"35640,0"
1602,2017-05-13,"39828,0"
1603,2017-05-14,"14196,0"
1604,2017-05-15,"39642,0"
1605,2017-05-16,"39068,0"
1606,2017-05-17,"40902,0"
1607,2017-05-18,"33984,0"
1608,2017-05-19,"35724,0"
1609,2017-05-20,"40240,0"
1610,2017-05-21,"17750,0"
1611,2017-05-22,"40084,0"
1612,2017-05-23,"41338,0"
1613,2017-05-24,"41872,0"
1614,2017-05-25,"31976,0"
1615,2017-05-26,"34382,0"
1616,2017-05-27,"56292,0"
1617,2017-05-28,"20360,0"
1618,2017-05-29,"45476,0"
1619,2017-05-30,"49820,0"
1620,2017-05-31,"50972,0"
1621,2017-01-06,"49832,0"
1622,2017-02-06,"37080,0"
1623,2017-03-06,"47368,0"
1624,2017-04-06,"14014,0"
1625,2017-05-06,"41612,0"
1626,2017-06-06,"52604,0"
1627,2017-07-06,"38858,0"
1628,2017-08-06,"31854,0"
1629,2017-09-06,"37372,0"
1630,2017-10-06,"39878,0"
1631,2017-11-06,"16932,0"
1632,2017-12-06,"53418,0"
1633,2017-06-13,"43042,0"
1634,2017-06-14,"38258,0"
1635,2017-06-15,"37364,0"
1636,2017-06-16,"38466,0"
1637,2017-06-17,"39370,0"
1638,2017-06-18,"10510,0"
1639,2017-06-19,"44324,0"
1640,2017-06-20,"45592,0"
1641,2017-06-21,"45138,0"
1642,2017-06-22,"45654,0"
1643,2017-06-23,"38146,0"
1644,2017-06-24,"29918,0"
1645,2017-06-25,"30950,0"
1646,2017-06-26,"27100,0"
1647,2017-06-27,"9990,0"
1648,2017-06-28,"42118,0"
1649,2017-06-29,"53434,0"
1650,2017-06-30,"37350,0"
1651,2017-01-07,"37966,0"
1652,2017-02-07,"13100,0"
1653,2017-03-07,"42838,0"
1654,2017-04-07,"40132,0"
1655,2017-05-07,"38432,0"
1656,2017-06-07,"39280,0"
1657,2017-07-07,"34636,0"
1658,2017-08-07,"41480,0"
1659,2017-09-07,"16210,0"
1660,2017-10-07,"40718,0"
1661,2017-11-07,"42010,0"
1662,2017-12-07,"41156,0"
1663,2017-07-13,"43614,0"
1664,2017-07-14,"37166,0"
1665,2017-07-15,"41338,0"
1666,2017-07-16,"13674,0"
1667,2017-07-17,"46992,0"
1668,2017-07-18,"43134,0"
1669,2017-07-19,"42628,0"
1670,2017-07-20,"37274,0"
1671,2017-07-21,"35900,0"
1672,2017-07-22,"48080,0"
1673,2017-07-23,"15642,0"
1674,2017-07-24,"45126,0"
1675,2017-07-25,"45218,0"
1676,2017-07-26,"43790,0"
1677,2017-07-27,"41720,0"
1678,2017-07-28,"40796,0"
1679,2017-07-29,"43018,0"
1680,2017-07-30,"14268,0"
1681,2017-07-31,"45460,0"
1682,2017-01-08,"58912,0"
1683,2017-02-08,"49666,0"
1684,2017-03-08,"38200,0"
1685,2017-04-08,"39170,0"
1686,2017-05-08,"43482,0"
1687,2017-06-08,"17856,0"
1688,2017-07-08,"44486,0"
1689,2017-08-08,"42108,0"
1690,2017-09-08,"46178,0"
1691,2017-10-08,"40530,0"
1692,2017-11-08,"34440,0"
1693,2017-12-08,"35914,0"
1694,2017-08-13,"12752,0"
1695,2017-08-14,"43938,0"
1696,2017-08-15,"43412,0"
1697,2017-08-16,"44800,0"
1698,2017-08-17,"44770,0"
1699,2017-08-18,"42652,0"
1700,2017-08-19,"48058,0"
1701,2017-08-20,"14870,0"
1702,2017-08-21,"39770,0"
1703,2017-08-22,"47798,0"
1704,2017-08-23,"41286,0"
1705,2017-08-24,"46818,0"
1706,2017-08-25,"51776,0"
1707,2017-08-26,"41832,0"
1708,2017-08-27,"19430,0"
1709,2017-08-28,"46434,0"
1710,2017-08-29,"48448,0"
1711,2017-08-30,"58468,0"
1712,2017-08-31,"45068,0"
1713,2017-01-09,"46064,0"
1714,2017-02-09,"48096,0"
1715,2017-03-09,"45218,0"
1716,2017-04-09,"27552,0"
1717,2017-05-09,"64666,0"
1718,2017-06-09,"52898,0"
1719,2017-07-09,"49548,0"
1720,2017-08-09,"34566,0"
1721,2017-09-09,"34034,0"
1722,2017-10-09,"16390,0"
1723,2017-11-09,"40990,0"
1724,2017-12-09,"47812,0"
1725,2017-09-13,"50292,0"
1726,2017-09-14,"41034,0"
1727,2017-09-15,"38818,0"
1728,2017-09-16,"37898,0"
1729,2017-09-17,"14216,0"
1730,2017-09-18,"40788,0"
1731,2017-09-19,"38972,0"
1732,2017-09-20,"37304,0"
1733,2017-09-21,"45534,0"
1734,2017-09-22,"37876,0"
1735,2017-09-23,"55440,0"
1736,2017-09-24,"14444,0"
1737,2017-09-25,"47194,0"
1738,2017-09-26,"47934,0"
1739,2017-09-27,"46872,0"
1740,2017-09-28,"44238,0"
1741,2017-09-29,"44466,0"
1742,2017-09-30,"33064,0"
1743,2017-01-10,"13304,0"
1744,2017-02-10,"47240,0"
1745,2017-03-10,"49286,0"
1746,2017-04-10,"41626,0"
1747,2017-05-10,"38888,0"
1748,2017-06-10,"41750,0"
1749,2017-07-10,"38882,0"
1750,2017-08-10,"14992,0"
1751,2017-09-10,"48036,0"
1752,2017-10-10,"46846,0"
1753,2017-11-10,"41856,0"
1754,2017-12-10,"39714,0"
1755,2017-10-13,"36658,0"
1756,2017-10-14,"33420,0"
1757,2017-10-15,"12126,0"
1758,2017-10-16,"48090,0"
1759,2017-10-17,"51530,0"
1760,2017-10-18,"47624,0"
1761,2017-10-19,"40292,0"
1762,2017-10-20,"24576,0"
1763,2017-10-21,"36638,0"
1764,2017-10-22,"17044,0"
1765,2017-10-23,"41306,0"
1766,2017-10-24,"53972,0"
1767,2017-10-25,"40900,0"
1768,2017-10-26,"37430,0"
1769,2017-10-27,"46832,0"
1770,2017-10-28,"42948,0"
1771,2017-10-29,"13484,0"
1772,2017-10-30,"55940,0"
1773,2017-10-31,"53372,0"
1774,2017-01-11,"44224,0"
1775,2017-02-11,"48738,0"
1776,2017-03-11,"41332,0"
1777,2017-04-11,"43758,0"
1778,2017-05-11,"29676,0"
1779,2017-06-11,"35670,0"
1780,2017-07-11,"39432,0"
1781,2017-08-11,"40542,0"
1782,2017-09-11,"30454,0"
1783,2017-10-11,"54712,0"
1784,2017-11-11,"51034,0"
1785,2017-12-11,"12890,0"
1786,2017-11-13,"51974,0"
1787,2017-11-14,"44158,0"
1788,2017-11-15,"45402,0"
1789,2017-11-16,"54762,0"
1790,2017-11-17,"46932,0"
1791,2017-11-18,"47940,0"
1792,2017-11-19,"13830,0"
1793,2017-11-20,"52304,0"
1794,2017-11-21,"61920,0"
1795,2017-11-22,"50404,0"
1796,2017-11-23,"48314,0"
1797,2017-11-24,"43830,0"
1798,2017-11-25,"52102,0"
1799,2017-11-26,"12088,0"
1800,2017-11-27,"53138,0"
1801,2017-11-28,"44740,0"
1802,2017-11-29,"51670,0"
1803,2017-11-30,"42826,0"
1804,2017-01-12,"42082,0"
1805,2017-02-12,"61064,0"
1806,2017-03-12,"11156,0"
1807,2017-04-12,"51628,0"
1808,2017-05-12,"41402,0"
1809,2017-06-12,"34486,0"
1810,2017-07-12,"30126,0"
1811,2017-08-12,"57624,0"
1812,2017-09-12,"52628,0"
1813,2017-10-12,"28546,0"
1814,2017-11-12,"52276,0"
1815,2017-12-12,"48448,0"
1816,2017-12-13,"46424,0"
1817,2017-12-14,"47236,0"
1818,2017-12-15,"32186,0"
1819,2017-12-16,"40078,0"
1820,2017-12-17,"24380,0"
1821,2017-12-18,"39136,0"
1822,2017-12-19,"60972,0"
1823,2017-12-20,"52798,0"
1824,2017-12-21,"46094,0"
1825,2017-12-22,"36708,0"
1826,2017-12-23,"50948,0"
1827,2017-12-24,"23360,0"
1828,2017-12-25,"37220,0"
1829,2017-12-26,"32548,0"
1830,2017-12-27,"38096,0"
1831,2017-12-28,"39816,0"
1832,2017-12-29,"45884,0"
1833,2017-12-30,"47144,0"
1834,2017-12-31,"30170,0"
1835,2018-01-01,"47170,0"
1836,2018-02-01,"43388,0"
1837,2018-03-01,"44332,0"
1838,2018-04-01,"51006,0"
1839,2018-05-01,"34100,0"
1840,2018-06-01,"45580,0"
1841,2018-07-01,"27098,0"
1842,2018-08-01,"40564,0"
1843,2018-09-01,"42070,0"
1844,2018-10-01,"48412,0"
1845,2018-11-01,"53058,0"
1846,2018-12-01,"32788,0"
1847,2018-01-13,"47284,0"
1848,2018-01-14,"30056,0"
1849,2018-01-15,"41986,0"
1850,2018-01-16,"44512,0"
1851,2018-01-17,"45318,0"
1852,2018-01-18,"43694,0"
1853,2018-01-19,"37866,0"
1854,2018-01-20,"39508,0"
1855,2018-01-21,"24876,0"
