_id,tarih,deger,birim
1,2004-12-31T00:00:00,0,Ton
2,2005-12-31T00:00:00,55.796999999999997044142219237983226776123046875,Ton
3,2006-12-31T00:00:00,101.090000000000003410605131648480892181396484375,Ton
4,2007-12-31T00:00:00,102.6149999999999948840923025272786617279052734375,Ton
5,2008-12-31T00:00:00,103.861999999999994770405464805662631988525390625,Ton
6,2009-12-31T00:00:00,108.5799999999999982946974341757595539093017578125,Ton
7,2010-12-31T00:00:00,106.712999999999993860910763032734394073486328125,Ton
8,2011-12-31T00:00:00,112.66599999999999681676854379475116729736328125,Ton
9,2012-12-31T00:00:00,117.2710000000000007958078640513122081756591796875,Ton
10,2013-01-01T00:00:00,44215,Ton
11,2013-02-01T00:00:00,38795,Ton
12,2013-03-01T00:00:00,36645,Ton
13,2013-04-01T00:00:00,34755,Ton
14,2013-05-01T00:00:00,34450,Ton
15,2013-06-01T00:00:00,33420,Ton
16,2013-07-01T00:00:00,20580,Ton
17,2013-08-01T00:00:00,38760,Ton
18,2013-09-01T00:00:00,37740,Ton
19,2013-10-01T00:00:00,38070,Ton
20,2013-11-01T00:00:00,31925,Ton
21,2013-12-01T00:00:00,34590,Ton
22,2013-01-13T00:00:00,33885,Ton
23,2013-01-14T00:00:00,19045,Ton
24,2013-01-15T00:00:00,37430,Ton
25,2013-01-16T00:00:00,33500,Ton
26,2013-01-17T00:00:00,31290,Ton
27,2013-01-18T00:00:00,31235,Ton
28,2013-01-19T00:00:00,31245,Ton
29,2013-01-20T00:00:00,34045,Ton
30,2013-01-21T00:00:00,22010,Ton
31,2013-01-22T00:00:00,41115,Ton
32,2013-01-23T00:00:00,36850,Ton
33,2013-01-24T00:00:00,38280,Ton
34,2013-01-25T00:00:00,36305,Ton
35,2013-01-26T00:00:00,33135,Ton
36,2013-01-27T00:00:00,31300,Ton
37,2013-01-28T00:00:00,20535,Ton
38,2013-01-29T00:00:00,38200,Ton
39,2013-01-30T00:00:00,27110,Ton
40,2013-01-31T00:00:00,20485,Ton
41,2013-01-02T00:00:00,36140,Ton
42,2013-02-02T00:00:00,30500,Ton
43,2013-03-02T00:00:00,30230,Ton
44,2013-04-02T00:00:00,17140,Ton
45,2013-05-02T00:00:00,37995,Ton
46,2013-06-02T00:00:00,37490,Ton
47,2013-07-02T00:00:00,33245,Ton
48,2013-08-02T00:00:00,29725,Ton
49,2013-09-02T00:00:00,29805,Ton
50,2013-10-02T00:00:00,31905,Ton
51,2013-11-02T00:00:00,16800,Ton
52,2013-12-02T00:00:00,37965,Ton
53,2013-02-13T00:00:00,33965,Ton
54,2013-02-14T00:00:00,36995,Ton
55,2013-02-15T00:00:00,33500,Ton
56,2013-02-16T00:00:00,31540,Ton
57,2013-02-17T00:00:00,29780,Ton
58,2013-02-18T00:00:00,16190,Ton
59,2013-02-19T00:00:00,37880,Ton
60,2013-02-20T00:00:00,39715,Ton
61,2013-02-21T00:00:00,36030,Ton
62,2013-02-22T00:00:00,31455,Ton
63,2013-02-23T00:00:00,31525,Ton
64,2013-02-24T00:00:00,29670,Ton
65,2013-02-25T00:00:00,16760,Ton
66,2013-02-26T00:00:00,38145,Ton
67,2013-02-27T00:00:00,37400,Ton
68,2013-02-28T00:00:00,50840,Ton
69,2013-01-03T00:00:00,34260,Ton
70,2013-02-03T00:00:00,31750,Ton
71,2013-03-03T00:00:00,31540,Ton
72,2013-04-03T00:00:00,21910,Ton
73,2013-05-03T00:00:00,40985,Ton
74,2013-06-03T00:00:00,38515,Ton
75,2013-07-03T00:00:00,38230,Ton
76,2013-08-03T00:00:00,34765,Ton
77,2013-09-03T00:00:00,32660,Ton
78,2013-10-03T00:00:00,34005,Ton
79,2013-11-03T00:00:00,20340,Ton
80,2013-12-03T00:00:00,39275,Ton
81,2013-03-13T00:00:00,36380,Ton
82,2013-03-14T00:00:00,30645,Ton
83,2013-03-15T00:00:00,33435,Ton
84,2013-03-16T00:00:00,31710,Ton
85,2013-03-17T00:00:00,32150,Ton
86,2013-03-18T00:00:00,21535,Ton
87,2013-03-19T00:00:00,39465,Ton
88,2013-03-20T00:00:00,38425,Ton
89,2013-03-21T00:00:00,35055,Ton
90,2013-03-22T00:00:00,36015,Ton
91,2013-03-23T00:00:00,28400,Ton
92,2013-03-24T00:00:00,32615,Ton
93,2013-03-25T00:00:00,18940,Ton
94,2013-03-26T00:00:00,38915,Ton
95,2013-03-27T00:00:00,37750,Ton
96,2013-03-28T00:00:00,36185,Ton
97,2013-03-29T00:00:00,24375,Ton
98,2013-03-30T00:00:00,19485,Ton
99,2013-03-31T00:00:00,31425,Ton
100,2013-01-04T00:00:00,21080,Ton
101,2013-02-04T00:00:00,38465,Ton
102,2013-03-04T00:00:00,35595,Ton
103,2013-04-04T00:00:00,36165,Ton
104,2013-05-04T00:00:00,34975,Ton
105,2013-06-04T00:00:00,34550,Ton
106,2013-07-04T00:00:00,30385,Ton
107,2013-08-04T00:00:00,19520,Ton
108,2013-09-04T00:00:00,42395,Ton
109,2013-10-04T00:00:00,38635,Ton
110,2013-11-04T00:00:00,34780,Ton
111,2013-12-04T00:00:00,33275,Ton
112,2013-04-13T00:00:00,30800,Ton
113,2013-04-14T00:00:00,35170,Ton
114,2013-04-15T00:00:00,20955,Ton
115,2013-04-16T00:00:00,38280,Ton
116,2013-04-17T00:00:00,38190,Ton
117,2013-04-18T00:00:00,34240,Ton
118,2013-04-19T00:00:00,32195,Ton
119,2013-04-20T00:00:00,31805,Ton
120,2013-04-21T00:00:00,31595,Ton
121,2013-04-22T00:00:00,22245,Ton
122,2013-04-23T00:00:00,39900,Ton
123,2013-04-24T00:00:00,35910,Ton
124,2013-04-25T00:00:00,36990,Ton
125,2013-04-26T00:00:00,34565,Ton
126,2013-04-27T00:00:00,34410,Ton
127,2013-04-28T00:00:00,29420,Ton
128,2013-04-29T00:00:00,22080,Ton
129,2013-04-30T00:00:00,39715,Ton
130,2013-01-05T00:00:00,34540,Ton
131,2013-02-05T00:00:00,40675,Ton
132,2013-03-05T00:00:00,27835,Ton
133,2013-04-05T00:00:00,25860,Ton
134,2013-05-05T00:00:00,23975,Ton
135,2013-06-05T00:00:00,22425,Ton
136,2013-07-05T00:00:00,32130,Ton
137,2013-08-05T00:00:00,28200,Ton
138,2013-09-05T00:00:00,36325,Ton
139,2013-10-05T00:00:00,32850,Ton
140,2013-11-05T00:00:00,30600,Ton
141,2013-12-05T00:00:00,30230,Ton
142,2013-05-13T00:00:00,20590,Ton
143,2013-05-14T00:00:00,37465,Ton
144,2013-05-15T00:00:00,33295,Ton
145,2013-05-16T00:00:00,31405,Ton
146,2013-05-17T00:00:00,31660,Ton
147,2013-05-18T00:00:00,29725,Ton
148,2013-05-19T00:00:00,28765,Ton
149,2013-05-20T00:00:00,16670,Ton
150,2013-05-21T00:00:00,34680,Ton
151,2013-05-22T00:00:00,29760,Ton
152,2013-05-23T00:00:00,29335,Ton
153,2013-05-24T00:00:00,30895,Ton
154,2013-05-25T00:00:00,30030,Ton
155,2013-05-26T00:00:00,30920,Ton
156,2013-05-27T00:00:00,19295,Ton
157,2013-05-28T00:00:00,38675,Ton
158,2013-05-29T00:00:00,35760,Ton
159,2013-05-30T00:00:00,35165,Ton
160,2013-05-31T00:00:00,29600,Ton
161,2013-01-06T00:00:00,29880,Ton
162,2013-02-06T00:00:00,27590,Ton
163,2013-03-06T00:00:00,21310,Ton
164,2013-04-06T00:00:00,34950,Ton
165,2013-05-06T00:00:00,33440,Ton
166,2013-06-06T00:00:00,30290,Ton
167,2013-07-06T00:00:00,28530,Ton
168,2013-08-06T00:00:00,29650,Ton
169,2013-09-06T00:00:00,29205,Ton
170,2013-10-06T00:00:00,19470,Ton
171,2013-11-06T00:00:00,39865,Ton
172,2013-12-06T00:00:00,33065,Ton
173,2013-06-13T00:00:00,29885,Ton
174,2013-06-14T00:00:00,28425,Ton
175,2013-06-15T00:00:00,29765,Ton
176,2013-06-16T00:00:00,29945,Ton
177,2013-06-17T00:00:00,18430,Ton
178,2013-06-18T00:00:00,37615,Ton
179,2013-06-19T00:00:00,35685,Ton
180,2013-06-20T00:00:00,32380,Ton
181,2013-06-21T00:00:00,28395,Ton
182,2013-06-22T00:00:00,28405,Ton
183,2013-06-23T00:00:00,30495,Ton
184,2013-06-24T00:00:00,18195,Ton
185,2013-06-25T00:00:00,33310,Ton
186,2013-06-26T00:00:00,32895,Ton
187,2013-06-27T00:00:00,31900,Ton
188,2013-06-28T00:00:00,26010,Ton
189,2013-06-29T00:00:00,27450,Ton
190,2013-06-30T00:00:00,26935,Ton
191,2013-01-07T00:00:00,20395,Ton
192,2013-02-07T00:00:00,36140,Ton
193,2013-03-07T00:00:00,29940,Ton
194,2013-04-07T00:00:00,29455,Ton
195,2013-05-07T00:00:00,32785,Ton
196,2013-06-07T00:00:00,30370,Ton
197,2013-07-07T00:00:00,26635,Ton
198,2013-08-07T00:00:00,20505,Ton
199,2013-09-07T00:00:00,37100,Ton
200,2013-10-07T00:00:00,34850,Ton
201,2013-11-07T00:00:00,35255,Ton
202,2013-12-07T00:00:00,33930,Ton
203,2013-07-13T00:00:00,27830,Ton
204,2013-07-14T00:00:00,33145,Ton
205,2013-07-15T00:00:00,20195,Ton
206,2013-07-16T00:00:00,40090,Ton
207,2013-07-17T00:00:00,36010,Ton
208,2013-07-18T00:00:00,26720,Ton
209,2013-07-19T00:00:00,28780,Ton
210,2013-07-20T00:00:00,30045,Ton
211,2013-07-21T00:00:00,18735,Ton
212,2013-07-22T00:00:00,17575,Ton
213,2013-07-23T00:00:00,34640,Ton
214,2013-07-24T00:00:00,33390,Ton
215,2013-07-25T00:00:00,30155,Ton
216,2013-07-26T00:00:00,30015,Ton
217,2013-07-27T00:00:00,26800,Ton
218,2013-07-28T00:00:00,29910,Ton
219,2013-07-29T00:00:00,16575,Ton
220,2013-07-30T00:00:00,33845,Ton
221,2013-07-31T00:00:00,27085,Ton
222,2013-01-08T00:00:00,27180,Ton
223,2013-02-08T00:00:00,26395,Ton
224,2013-03-08T00:00:00,28310,Ton
225,2013-04-08T00:00:00,15965,Ton
226,2013-05-08T00:00:00,34745,Ton
227,2013-06-08T00:00:00,36985,Ton
228,2013-07-08T00:00:00,38170,Ton
229,2013-08-08T00:00:00,34085,Ton
230,2013-09-08T00:00:00,19025,Ton
231,2013-10-08T00:00:00,17745,Ton
232,2013-11-08T00:00:00,10600,Ton
233,2013-12-08T00:00:00,29985,Ton
234,2013-08-13T00:00:00,28055,Ton
235,2013-08-14T00:00:00,29255,Ton
236,2013-08-15T00:00:00,30360,Ton
237,2013-08-16T00:00:00,30080,Ton
238,2013-08-17T00:00:00,33220,Ton
239,2013-08-18T00:00:00,17405,Ton
240,2013-08-19T00:00:00,39410,Ton
241,2013-08-20T00:00:00,33560,Ton
242,2013-08-21T00:00:00,30715,Ton
243,2013-08-22T00:00:00,34595,Ton
244,2013-08-23T00:00:00,28355,Ton
245,2013-08-24T00:00:00,31385,Ton
246,2013-08-25T00:00:00,19440,Ton
247,2013-08-26T00:00:00,36205,Ton
248,2013-08-27T00:00:00,36405,Ton
249,2013-08-28T00:00:00,31750,Ton
250,2013-08-29T00:00:00,31575,Ton
251,2013-08-30T00:00:00,31220,Ton
252,2013-08-31T00:00:00,32945,Ton
253,2013-01-09T00:00:00,20085,Ton
254,2013-02-09T00:00:00,41655,Ton
255,2013-03-09T00:00:00,36380,Ton
256,2013-04-09T00:00:00,35145,Ton
257,2013-05-09T00:00:00,32660,Ton
258,2013-06-09T00:00:00,33470,Ton
259,2013-07-09T00:00:00,29340,Ton
260,2013-08-09T00:00:00,17810,Ton
261,2013-09-09T00:00:00,40560,Ton
262,2013-10-09T00:00:00,36555,Ton
263,2013-11-09T00:00:00,33730,Ton
264,2013-12-09T00:00:00,31085,Ton
265,2013-09-13T00:00:00,30515,Ton
266,2013-09-14T00:00:00,32595,Ton
267,2013-09-15T00:00:00,18500,Ton
268,2013-09-16T00:00:00,39155,Ton
269,2013-09-17T00:00:00,35660,Ton
270,2013-09-18T00:00:00,30695,Ton
271,2013-09-19T00:00:00,32940,Ton
272,2013-09-20T00:00:00,30820,Ton
273,2013-09-21T00:00:00,31175,Ton
274,2013-09-22T00:00:00,18000,Ton
275,2013-09-23T00:00:00,42890,Ton
276,2013-09-24T00:00:00,37620,Ton
277,2013-09-25T00:00:00,32350,Ton
278,2013-09-26T00:00:00,31870,Ton
279,2013-09-27T00:00:00,31300,Ton
280,2013-09-28T00:00:00,31620,Ton
281,2013-09-29T00:00:00,16160,Ton
282,2013-09-30T00:00:00,38825,Ton
283,2013-01-10T00:00:00,37605,Ton
284,2013-02-10T00:00:00,32725,Ton
285,2013-03-10T00:00:00,27405,Ton
286,2013-04-10T00:00:00,30405,Ton
287,2013-05-10T00:00:00,31130,Ton
288,2013-06-10T00:00:00,17720,Ton
289,2013-07-10T00:00:00,39105,Ton
290,2013-08-10T00:00:00,36175,Ton
291,2013-09-10T00:00:00,34970,Ton
292,2013-10-10T00:00:00,36955,Ton
293,2013-11-10T00:00:00,35505,Ton
294,2013-12-10T00:00:00,35305,Ton
295,2013-10-13T00:00:00,23415,Ton
296,2013-10-14T00:00:00,44220,Ton
297,2013-10-15T00:00:00,38760,Ton
298,2013-10-16T00:00:00,57635,Ton
299,2013-10-17T00:00:00,41910,Ton
300,2013-10-18T00:00:00,30030,Ton
301,2013-10-19T00:00:00,31330,Ton
302,2013-10-20T00:00:00,18530,Ton
303,2013-10-21T00:00:00,40440,Ton
304,2013-10-22T00:00:00,41715,Ton
305,2013-10-23T00:00:00,35680,Ton
306,2013-10-24T00:00:00,35520,Ton
307,2013-10-25T00:00:00,33590,Ton
308,2013-10-26T00:00:00,34035,Ton
309,2013-10-27T00:00:00,21625,Ton
310,2013-10-28T00:00:00,41400,Ton
311,2013-10-29T00:00:00,37070,Ton
312,2013-10-30T00:00:00,34470,Ton
313,2013-10-31T00:00:00,32950,Ton
314,2013-01-11T00:00:00,31060,Ton
315,2013-02-11T00:00:00,31835,Ton
316,2013-03-11T00:00:00,17990,Ton
317,2013-04-11T00:00:00,40170,Ton
318,2013-05-11T00:00:00,34725,Ton
319,2013-06-11T00:00:00,35790,Ton
320,2013-07-11T00:00:00,36760,Ton
321,2013-08-11T00:00:00,33625,Ton
322,2013-09-11T00:00:00,31990,Ton
323,2013-10-11T00:00:00,18000,Ton
324,2013-11-11T00:00:00,42960,Ton
325,2013-12-11T00:00:00,38700,Ton
326,2013-11-13T00:00:00,32125,Ton
327,2013-11-14T00:00:00,33415,Ton
328,2013-11-15T00:00:00,31815,Ton
329,2013-11-16T00:00:00,33185,Ton
330,2013-11-17T00:00:00,18435,Ton
331,2013-11-18T00:00:00,42350,Ton
332,2013-11-19T00:00:00,37655,Ton
333,2013-11-20T00:00:00,35410,Ton
334,2013-11-21T00:00:00,28880,Ton
335,2013-11-22T00:00:00,30745,Ton
336,2013-11-23T00:00:00,34540,Ton
337,2013-11-24T00:00:00,21770,Ton
338,2013-11-25T00:00:00,45025,Ton
339,2013-11-26T00:00:00,39015,Ton
340,2013-11-27T00:00:00,40230,Ton
341,2013-11-28T00:00:00,37315,Ton
342,2013-11-29T00:00:00,37705,Ton
343,2013-11-30T00:00:00,35135,Ton
344,2013-01-12T00:00:00,19445,Ton
345,2013-02-12T00:00:00,42300,Ton
346,2013-03-12T00:00:00,42285,Ton
347,2013-04-12T00:00:00,34640,Ton
348,2013-05-12T00:00:00,33000,Ton
349,2013-06-12T00:00:00,31580,Ton
350,2013-07-12T00:00:00,33135,Ton
351,2013-08-12T00:00:00,18370,Ton
352,2013-09-12T00:00:00,40760,Ton
353,2013-10-12T00:00:00,36840,Ton
354,2013-11-12T00:00:00,30650,Ton
355,2013-12-12T00:00:00,26940,Ton
356,2013-12-13T00:00:00,29150,Ton
357,2013-12-14T00:00:00,33095,Ton
358,2013-12-15T00:00:00,16385,Ton
359,2013-12-16T00:00:00,41835,Ton
360,2013-12-17T00:00:00,45130,Ton
361,2013-12-18T00:00:00,38380,Ton
362,2013-12-19T00:00:00,34880,Ton
363,2013-12-20T00:00:00,30860,Ton
364,2013-12-21T00:00:00,32350,Ton
365,2013-12-22T00:00:00,15725,Ton
366,2013-12-23T00:00:00,38720,Ton
367,2013-12-24T00:00:00,36280,Ton
368,2013-12-25T00:00:00,34785,Ton
369,2013-12-26T00:00:00,34000,Ton
370,2013-12-27T00:00:00,38815,Ton
371,2013-12-28T00:00:00,37775,Ton
372,2013-12-29T00:00:00,19350,Ton
373,2013-12-30T00:00:00,41230,Ton
374,2013-12-31T00:00:00,44960,Ton
375,2014-01-01T00:00:00,40830,Ton
376,2014-02-01T00:00:00,36175,Ton
377,2014-03-01T00:00:00,31370,Ton
378,2014-04-01T00:00:00,39615,Ton
379,2014-05-01T00:00:00,21675,Ton
380,2014-06-01T00:00:00,46040,Ton
381,2014-07-01T00:00:00,42505,Ton
382,2014-08-01T00:00:00,35725,Ton
383,2014-09-01T00:00:00,32620,Ton
384,2014-10-01T00:00:00,36545,Ton
385,2014-11-01T00:00:00,33825,Ton
386,2014-12-01T00:00:00,17980,Ton
387,2014-01-13T00:00:00,40875,Ton
388,2014-01-14T00:00:00,42245,Ton
389,2014-01-15T00:00:00,39470,Ton
390,2014-01-16T00:00:00,33165,Ton
391,2014-01-17T00:00:00,33965,Ton
392,2014-01-18T00:00:00,37550,Ton
393,2014-01-19T00:00:00,18550,Ton
394,2014-01-20T00:00:00,45915,Ton
395,2014-01-21T00:00:00,43140,Ton
396,2014-01-22T00:00:00,38190,Ton
397,2014-01-23T00:00:00,36075,Ton
398,2014-01-24T00:00:00,34770,Ton
399,2014-01-25T00:00:00,30305,Ton
400,2014-01-26T00:00:00,18265,Ton
401,2014-01-27T00:00:00,43395,Ton
402,2014-01-28T00:00:00,42690,Ton
403,2014-01-29T00:00:00,37685,Ton
404,2014-01-30T00:00:00,34625,Ton
405,2014-01-31T00:00:00,31405,Ton
406,2014-01-02T00:00:00,35970,Ton
407,2014-02-02T00:00:00,15850,Ton
408,2014-03-02T00:00:00,36930,Ton
409,2014-04-02T00:00:00,34925,Ton
410,2014-05-02T00:00:00,33160,Ton
411,2014-06-02T00:00:00,31030,Ton
412,2014-07-02T00:00:00,31190,Ton
413,2014-08-02T00:00:00,34340,Ton
414,2014-09-02T00:00:00,18385,Ton
415,2014-10-02T00:00:00,40155,Ton
416,2014-11-02T00:00:00,40710,Ton
417,2014-12-02T00:00:00,34830,Ton
418,2014-02-13T00:00:00,33455,Ton
419,2014-02-14T00:00:00,30325,Ton
420,2014-02-15T00:00:00,32125,Ton
421,2014-02-16T00:00:00,16470,Ton
422,2014-02-17T00:00:00,39940,Ton
423,2014-02-18T00:00:00,36235,Ton
424,2014-02-19T00:00:00,34915,Ton
425,2014-02-20T00:00:00,28490,Ton
426,2014-02-21T00:00:00,35710,Ton
427,2014-02-22T00:00:00,34565,Ton
428,2014-02-23T00:00:00,18095,Ton
429,2014-02-24T00:00:00,38535,Ton
430,2014-02-25T00:00:00,38160,Ton
431,2014-02-26T00:00:00,35900,Ton
432,2014-02-27T00:00:00,31835,Ton
433,2014-02-28T00:00:00,29840,Ton
434,2014-01-03T00:00:00,31720,Ton
435,2014-02-03T00:00:00,16385,Ton
436,2014-03-03T00:00:00,42540,Ton
437,2014-04-03T00:00:00,40305,Ton
438,2014-05-03T00:00:00,32210,Ton
439,2014-06-03T00:00:00,29155,Ton
440,2014-07-03T00:00:00,29585,Ton
441,2014-08-03T00:00:00,31915,Ton
442,2014-09-03T00:00:00,17065,Ton
443,2014-10-03T00:00:00,38935,Ton
444,2014-11-03T00:00:00,40690,Ton
445,2014-12-03T00:00:00,28320,Ton
446,2014-03-13T00:00:00,30640,Ton
447,2014-03-14T00:00:00,28270,Ton
448,2014-03-15T00:00:00,32235,Ton
449,2014-03-16T00:00:00,17650,Ton
450,2014-03-17T00:00:00,39560,Ton
451,2014-03-18T00:00:00,38255,Ton
452,2014-03-19T00:00:00,33360,Ton
453,2014-03-20T00:00:00,33150,Ton
454,2014-03-21T00:00:00,32000,Ton
455,2014-03-22T00:00:00,31720,Ton
456,2014-03-23T00:00:00,18695,Ton
457,2014-03-24T00:00:00,39830,Ton
458,2014-03-25T00:00:00,35530,Ton
459,2014-03-26T00:00:00,32650,Ton
460,2014-03-27T00:00:00,28440,Ton
461,2014-03-28T00:00:00,28425,Ton
462,2014-03-29T00:00:00,28800,Ton
463,2014-03-30T00:00:00,12570,Ton
464,2014-03-31T00:00:00,36055,Ton
465,2014-01-04T00:00:00,31380,Ton
466,2014-02-04T00:00:00,31720,Ton
467,2014-03-04T00:00:00,33135,Ton
468,2014-04-04T00:00:00,28465,Ton
469,2014-05-04T00:00:00,31500,Ton
470,2014-06-04T00:00:00,17515,Ton
471,2014-07-04T00:00:00,37825,Ton
472,2014-08-04T00:00:00,32725,Ton
473,2014-09-04T00:00:00,30410,Ton
474,2014-10-04T00:00:00,29940,Ton
475,2014-11-04T00:00:00,29005,Ton
476,2014-12-04T00:00:00,30725,Ton
477,2014-04-13T00:00:00,16435,Ton
478,2014-04-14T00:00:00,38430,Ton
479,2014-04-15T00:00:00,34965,Ton
480,2014-04-16T00:00:00,28535,Ton
481,2014-04-17T00:00:00,29400,Ton
482,2014-04-18T00:00:00,29525,Ton
483,2014-04-19T00:00:00,26145,Ton
484,2014-04-20T00:00:00,16310,Ton
485,2014-04-21T00:00:00,37855,Ton
486,2014-04-22T00:00:00,33290,Ton
487,2014-04-23T00:00:00,30510,Ton
488,2014-04-24T00:00:00,27915,Ton
489,2014-04-25T00:00:00,30900,Ton
490,2014-04-26T00:00:00,29090,Ton
491,2014-04-27T00:00:00,15410,Ton
492,2014-04-28T00:00:00,39335,Ton
493,2014-04-29T00:00:00,31835,Ton
494,2014-04-30T00:00:00,29545,Ton
495,2014-01-05T00:00:00,28210,Ton
496,2014-02-05T00:00:00,28525,Ton
497,2014-03-05T00:00:00,29660,Ton
498,2014-04-05T00:00:00,16490,Ton
499,2014-05-05T00:00:00,32465,Ton
500,2014-06-05T00:00:00,32065,Ton
501,2014-07-05T00:00:00,29755,Ton
502,2014-08-05T00:00:00,28565,Ton
503,2014-09-05T00:00:00,28045,Ton
504,2014-10-05T00:00:00,30015,Ton
505,2014-11-05T00:00:00,16540,Ton
506,2014-12-05T00:00:00,39420,Ton
507,2014-05-13T00:00:00,34775,Ton
508,2014-05-14T00:00:00,29220,Ton
509,2014-05-15T00:00:00,30695,Ton
510,2014-05-16T00:00:00,29720,Ton
511,2014-05-17T00:00:00,30075,Ton
512,2014-05-18T00:00:00,17730,Ton
513,2014-05-19T00:00:00,35345,Ton
514,2014-05-20T00:00:00,38900,Ton
515,2014-05-21T00:00:00,31035,Ton
516,2014-05-22T00:00:00,31880,Ton
517,2014-05-23T00:00:00,28170,Ton
518,2014-05-24T00:00:00,27705,Ton
519,2014-05-25T00:00:00,16420,Ton
520,2014-05-26T00:00:00,34915,Ton
521,2014-05-27T00:00:00,36675,Ton
522,2014-05-28T00:00:00,28505,Ton
523,2014-05-29T00:00:00,30495,Ton
524,2014-05-30T00:00:00,29725,Ton
525,2014-05-31T00:00:00,31215,Ton
526,2014-01-06T00:00:00,14195,Ton
527,2014-02-06T00:00:00,36505,Ton
528,2014-03-06T00:00:00,35320,Ton
529,2014-04-06T00:00:00,30965,Ton
530,2014-05-06T00:00:00,31185,Ton
531,2014-06-06T00:00:00,28950,Ton
532,2014-07-06T00:00:00,29460,Ton
533,2014-08-06T00:00:00,15300,Ton
534,2014-09-06T00:00:00,35710,Ton
535,2014-10-06T00:00:00,35995,Ton
536,2014-11-06T00:00:00,29735,Ton
537,2014-12-06T00:00:00,30840,Ton
538,2014-06-13T00:00:00,29350,Ton
539,2014-06-14T00:00:00,30340,Ton
540,2014-06-15T00:00:00,18410,Ton
541,2014-06-16T00:00:00,36200,Ton
542,2014-06-17T00:00:00,35660,Ton
543,2014-06-18T00:00:00,30350,Ton
544,2014-06-19T00:00:00,31010,Ton
545,2014-06-20T00:00:00,29150,Ton
546,2014-06-21T00:00:00,29900,Ton
547,2014-06-22T00:00:00,17460,Ton
548,2014-06-23T00:00:00,40180,Ton
549,2014-06-24T00:00:00,37180,Ton
550,2014-06-25T00:00:00,35445,Ton
551,2014-06-26T00:00:00,34805,Ton
552,2014-06-27T00:00:00,34290,Ton
553,2014-06-28T00:00:00,31620,Ton
554,2014-06-29T00:00:00,15380,Ton
555,2014-06-30T00:00:00,33485,Ton
556,2014-01-07T00:00:00,32365,Ton
557,2014-02-07T00:00:00,30125,Ton
558,2014-03-07T00:00:00,28365,Ton
559,2014-04-07T00:00:00,30490,Ton
560,2014-05-07T00:00:00,30475,Ton
561,2014-06-07T00:00:00,16075,Ton
562,2014-07-07T00:00:00,37080,Ton
563,2014-08-07T00:00:00,32450,Ton
564,2014-09-07T00:00:00,29340,Ton
565,2014-10-07T00:00:00,32165,Ton
566,2014-11-07T00:00:00,27675,Ton
567,2014-12-07T00:00:00,27935,Ton
568,2014-07-13T00:00:00,16305,Ton
569,2014-07-14T00:00:00,36810,Ton
570,2014-07-15T00:00:00,32465,Ton
571,2014-07-16T00:00:00,33440,Ton
572,2014-07-17T00:00:00,30320,Ton
573,2014-07-18T00:00:00,30100,Ton
574,2014-07-19T00:00:00,27505,Ton
575,2014-07-20T00:00:00,17515,Ton
576,2014-07-21T00:00:00,42715,Ton
577,2014-07-22T00:00:00,34630,Ton
578,2014-07-23T00:00:00,29530,Ton
579,2014-07-24T00:00:00,32615,Ton
580,2014-07-25T00:00:00,28925,Ton
581,2014-07-26T00:00:00,38155,Ton
582,2014-07-27T00:00:00,35950,Ton
583,2014-07-28T00:00:00,30430,Ton
584,2014-07-29T00:00:00,27430,Ton
585,2014-07-30T00:00:00,20375,Ton
586,2014-07-31T00:00:00,25285,Ton
587,2014-01-08T00:00:00,25205,Ton
588,2014-02-08T00:00:00,30315,Ton
589,2014-03-08T00:00:00,15675,Ton
590,2014-04-08T00:00:00,36015,Ton
591,2014-05-08T00:00:00,35465,Ton
592,2014-06-08T00:00:00,34625,Ton
593,2014-07-08T00:00:00,29980,Ton
594,2014-08-08T00:00:00,32145,Ton
595,2014-09-08T00:00:00,32020,Ton
596,2014-10-08T00:00:00,14430,Ton
597,2014-11-08T00:00:00,38895,Ton
598,2014-12-08T00:00:00,36735,Ton
599,2014-08-13T00:00:00,32865,Ton
600,2014-08-14T00:00:00,31505,Ton
601,2014-08-15T00:00:00,31325,Ton
602,2014-08-16T00:00:00,30675,Ton
603,2014-08-17T00:00:00,14150,Ton
604,2014-08-18T00:00:00,39040,Ton
605,2014-08-19T00:00:00,39215,Ton
606,2014-08-20T00:00:00,33020,Ton
607,2014-08-21T00:00:00,32790,Ton
608,2014-08-22T00:00:00,31565,Ton
609,2014-08-23T00:00:00,32890,Ton
610,2014-08-24T00:00:00,18645,Ton
611,2014-08-25T00:00:00,38715,Ton
612,2014-08-26T00:00:00,37335,Ton
613,2014-08-27T00:00:00,31910,Ton
614,2014-08-28T00:00:00,32965,Ton
615,2014-08-29T00:00:00,32225,Ton
616,2014-08-30T00:00:00,33690,Ton
617,2014-08-31T00:00:00,14965,Ton
618,2014-01-09T00:00:00,46200,Ton
619,2014-02-09T00:00:00,36375,Ton
620,2014-03-09T00:00:00,35650,Ton
621,2014-04-09T00:00:00,31675,Ton
622,2014-05-09T00:00:00,34200,Ton
623,2014-06-09T00:00:00,31065,Ton
624,2014-07-09T00:00:00,18390,Ton
625,2014-08-09T00:00:00,43405,Ton
626,2014-09-09T00:00:00,39045,Ton
627,2014-10-09T00:00:00,36885,Ton
628,2014-11-09T00:00:00,35790,Ton
629,2014-12-09T00:00:00,36180,Ton
630,2014-09-13T00:00:00,34165,Ton
631,2014-09-14T00:00:00,20330,Ton
632,2014-09-15T00:00:00,43045,Ton
633,2014-09-16T00:00:00,38445,Ton
634,2014-09-17T00:00:00,36375,Ton
635,2014-09-18T00:00:00,33115,Ton
636,2014-09-19T00:00:00,34440,Ton
637,2014-09-20T00:00:00,35310,Ton
638,2014-09-21T00:00:00,17600,Ton
639,2014-09-22T00:00:00,42445,Ton
640,2014-09-23T00:00:00,36860,Ton
641,2014-09-24T00:00:00,35595,Ton
642,2014-09-25T00:00:00,33155,Ton
643,2014-09-26T00:00:00,32330,Ton
644,2014-09-27T00:00:00,31615,Ton
645,2014-09-28T00:00:00,18365,Ton
646,2014-09-29T00:00:00,41655,Ton
647,2014-09-30T00:00:00,41265,Ton
648,2014-01-10T00:00:00,37665,Ton
649,2014-02-10T00:00:00,37810,Ton
650,2014-03-10T00:00:00,40295,Ton
651,2014-04-10T00:00:00,36390,Ton
652,2014-05-10T00:00:00,59380,Ton
653,2014-06-10T00:00:00,39975,Ton
654,2014-07-10T00:00:00,37975,Ton
655,2014-08-10T00:00:00,35135,Ton
656,2014-09-10T00:00:00,31320,Ton
657,2014-10-10T00:00:00,31280,Ton
658,2014-11-10T00:00:00,29050,Ton
659,2014-12-10T00:00:00,17955,Ton
660,2014-10-13T00:00:00,37350,Ton
661,2014-10-14T00:00:00,38355,Ton
662,2014-10-15T00:00:00,34345,Ton
663,2014-10-16T00:00:00,31825,Ton
664,2014-10-17T00:00:00,33070,Ton
665,2014-10-18T00:00:00,30500,Ton
666,2014-10-19T00:00:00,17525,Ton
667,2014-10-20T00:00:00,41240,Ton
668,2014-10-21T00:00:00,43000,Ton
669,2014-10-22T00:00:00,38785,Ton
670,2014-10-23T00:00:00,30930,Ton
671,2014-10-24T00:00:00,32395,Ton
672,2014-10-25T00:00:00,31695,Ton
673,2014-10-26T00:00:00,17815,Ton
674,2014-10-27T00:00:00,43145,Ton
675,2014-10-28T00:00:00,45485,Ton
676,2014-10-29T00:00:00,39755,Ton
677,2014-10-30T00:00:00,31380,Ton
678,2014-10-31T00:00:00,32735,Ton
679,2014-01-11T00:00:00,31095,Ton
680,2014-02-11T00:00:00,15560,Ton
681,2014-03-11T00:00:00,45205,Ton
682,2014-04-11T00:00:00,41570,Ton
683,2014-05-11T00:00:00,40110,Ton
684,2014-06-11T00:00:00,36220,Ton
685,2014-07-11T00:00:00,34485,Ton
686,2014-08-11T00:00:00,35745,Ton
687,2014-09-11T00:00:00,19215,Ton
688,2014-10-11T00:00:00,42255,Ton
689,2014-11-11T00:00:00,41920,Ton
690,2014-12-11T00:00:00,36430,Ton
691,2014-11-13T00:00:00,32600,Ton
692,2014-11-14T00:00:00,34710,Ton
693,2014-11-15T00:00:00,34655,Ton
694,2014-11-16T00:00:00,19845,Ton
695,2014-11-17T00:00:00,50795,Ton
696,2014-11-18T00:00:00,43635,Ton
697,2014-11-19T00:00:00,36520,Ton
698,2014-11-20T00:00:00,33590,Ton
699,2014-11-21T00:00:00,39170,Ton
700,2014-11-22T00:00:00,34760,Ton
701,2014-11-23T00:00:00,19895,Ton
702,2014-11-24T00:00:00,46170,Ton
703,2014-11-25T00:00:00,42375,Ton
704,2014-11-26T00:00:00,37685,Ton
705,2014-11-27T00:00:00,38005,Ton
706,2014-11-28T00:00:00,35380,Ton
707,2014-11-29T00:00:00,34945,Ton
708,2014-11-30T00:00:00,18255,Ton
709,2014-01-12T00:00:00,48585,Ton
710,2014-02-12T00:00:00,48215,Ton
711,2014-03-12T00:00:00,35735,Ton
712,2014-04-12T00:00:00,41845,Ton
713,2014-05-12T00:00:00,38905,Ton
714,2014-06-12T00:00:00,37365,Ton
715,2014-07-12T00:00:00,19005,Ton
716,2014-08-12T00:00:00,50160,Ton
717,2014-09-12T00:00:00,42530,Ton
718,2014-10-12T00:00:00,41495,Ton
719,2014-11-12T00:00:00,37625,Ton
720,2014-12-12T00:00:00,36045,Ton
721,2014-12-13T00:00:00,33195,Ton
722,2014-12-14T00:00:00,12695,Ton
723,2014-12-15T00:00:00,49685,Ton
724,2014-12-16T00:00:00,42165,Ton
725,2014-12-17T00:00:00,38460,Ton
726,2014-12-18T00:00:00,34615,Ton
727,2014-12-19T00:00:00,29795,Ton
728,2014-12-20T00:00:00,36375,Ton
729,2014-12-21T00:00:00,15585,Ton
730,2014-12-22T00:00:00,40850,Ton
731,2014-12-23T00:00:00,39030,Ton
732,2014-12-24T00:00:00,36635,Ton
733,2014-12-25T00:00:00,33875,Ton
734,2014-12-26T00:00:00,33460,Ton
735,2014-12-27T00:00:00,34400,Ton
736,2014-12-28T00:00:00,13675,Ton
737,2014-12-29T00:00:00,45565,Ton
738,2014-12-30T00:00:00,43205,Ton
739,2014-12-31T00:00:00,37810,Ton
740,2015-01-01T00:00:00,32810,Ton
741,2015-02-01T00:00:00,35935,Ton
742,2015-03-01T00:00:00,35710,Ton
743,2015-04-01T00:00:00,12770,Ton
744,2015-05-01T00:00:00,44795,Ton
745,2015-06-01T00:00:00,24415,Ton
746,2015-07-01T00:00:00,11875,Ton
747,2015-08-01T00:00:00,34080,Ton
748,2015-09-01T00:00:00,25580,Ton
749,2015-10-01T00:00:00,28330,Ton
750,2015-11-01T00:00:00,13700,Ton
751,2015-12-01T00:00:00,37215,Ton
752,2015-01-13T00:00:00,60420,Ton
753,2015-01-14T00:00:00,44520,Ton
754,2015-01-15T00:00:00,44540,Ton
755,2015-01-16T00:00:00,40665,Ton
756,2015-01-17T00:00:00,38240,Ton
757,2015-01-18T00:00:00,14185,Ton
758,2015-01-19T00:00:00,46520,Ton
759,2015-01-20T00:00:00,41960,Ton
760,2015-01-21T00:00:00,33770,Ton
761,2015-01-22T00:00:00,36050,Ton
762,2015-01-23T00:00:00,34500,Ton
763,2015-01-24T00:00:00,34730,Ton
764,2015-01-25T00:00:00,12480,Ton
765,2015-01-26T00:00:00,46925,Ton
766,2015-01-27T00:00:00,43340,Ton
767,2015-01-28T00:00:00,41805,Ton
768,2015-01-29T00:00:00,31890,Ton
769,2015-01-30T00:00:00,34175,Ton
770,2015-01-31T00:00:00,31470,Ton
771,2015-01-02T00:00:00,12205,Ton
772,2015-02-02T00:00:00,40575,Ton
773,2015-03-02T00:00:00,37945,Ton
774,2015-04-02T00:00:00,36520,Ton
775,2015-05-02T00:00:00,29430,Ton
776,2015-06-02T00:00:00,30045,Ton
777,2015-07-02T00:00:00,35195,Ton
778,2015-08-02T00:00:00,15790,Ton
779,2015-09-02T00:00:00,45465,Ton
780,2015-10-02T00:00:00,42900,Ton
781,2015-11-02T00:00:00,30915,Ton
782,2015-12-02T00:00:00,36125,Ton
783,2015-02-13T00:00:00,35990,Ton
784,2015-02-14T00:00:00,33005,Ton
785,2015-02-15T00:00:00,12280,Ton
786,2015-02-16T00:00:00,43410,Ton
787,2015-02-17T00:00:00,39490,Ton
788,2015-02-18T00:00:00,27345,Ton
789,2015-02-19T00:00:00,32780,Ton
790,2015-02-20T00:00:00,33020,Ton
791,2015-02-21T00:00:00,30850,Ton
792,2015-02-22T00:00:00,11810,Ton
793,2015-02-23T00:00:00,46070,Ton
794,2015-02-24T00:00:00,45630,Ton
795,2015-02-25T00:00:00,41230,Ton
796,2015-02-26T00:00:00,39385,Ton
797,2015-02-27T00:00:00,37600,Ton
798,2015-02-28T00:00:00,40765,Ton
799,2015-01-03T00:00:00,14240,Ton
800,2015-02-03T00:00:00,47745,Ton
801,2015-03-03T00:00:00,47530,Ton
802,2015-04-03T00:00:00,34645,Ton
803,2015-05-03T00:00:00,34310,Ton
804,2015-06-03T00:00:00,34820,Ton
805,2015-07-03T00:00:00,38045,Ton
806,2015-08-03T00:00:00,13175,Ton
807,2015-09-03T00:00:00,51175,Ton
808,2015-10-03T00:00:00,49825,Ton
809,2015-11-03T00:00:00,44130,Ton
810,2015-12-03T00:00:00,34645,Ton
811,2015-03-13T00:00:00,38215,Ton
812,2015-03-14T00:00:00,36055,Ton
813,2015-03-15T00:00:00,14715,Ton
814,2015-03-16T00:00:00,45860,Ton
815,2015-03-17T00:00:00,42850,Ton
816,2015-03-18T00:00:00,35455,Ton
817,2015-03-19T00:00:00,36275,Ton
818,2015-03-20T00:00:00,32245,Ton
819,2015-03-21T00:00:00,34870,Ton
820,2015-03-22T00:00:00,18195,Ton
821,2015-03-23T00:00:00,44705,Ton
822,2015-03-24T00:00:00,40510,Ton
823,2015-03-25T00:00:00,38950,Ton
824,2015-03-26T00:00:00,41080,Ton
825,2015-03-27T00:00:00,35750,Ton
826,2015-03-28T00:00:00,35445,Ton
827,2015-03-29T00:00:00,14810,Ton
828,2015-03-30T00:00:00,43360,Ton
829,2015-03-31T00:00:00,41680,Ton
830,2015-01-04T00:00:00,37790,Ton
831,2015-02-04T00:00:00,38855,Ton
832,2015-03-04T00:00:00,37440,Ton
833,2015-04-04T00:00:00,36190,Ton
834,2015-05-04T00:00:00,13590,Ton
835,2015-06-04T00:00:00,53045,Ton
836,2015-07-04T00:00:00,47955,Ton
837,2015-08-04T00:00:00,40470,Ton
838,2015-09-04T00:00:00,35195,Ton
839,2015-10-04T00:00:00,31535,Ton
840,2015-11-04T00:00:00,29345,Ton
841,2015-12-04T00:00:00,14060,Ton
842,2015-04-13T00:00:00,41105,Ton
843,2015-04-14T00:00:00,42980,Ton
844,2015-04-15T00:00:00,38465,Ton
845,2015-04-16T00:00:00,39145,Ton
846,2015-04-17T00:00:00,37775,Ton
847,2015-04-18T00:00:00,35100,Ton
848,2015-04-19T00:00:00,17635,Ton
849,2015-04-20T00:00:00,47290,Ton
850,2015-04-21T00:00:00,39290,Ton
851,2015-04-22T00:00:00,40935,Ton
852,2015-04-23T00:00:00,28820,Ton
853,2015-04-24T00:00:00,26510,Ton
854,2015-04-25T00:00:00,32865,Ton
855,2015-04-26T00:00:00,16870,Ton
856,2015-04-27T00:00:00,47285,Ton
857,2015-04-28T00:00:00,45305,Ton
858,2015-04-29T00:00:00,36565,Ton
859,2015-04-30T00:00:00,31715,Ton
860,2015-01-05T00:00:00,34200,Ton
861,2015-02-05T00:00:00,32370,Ton
862,2015-03-05T00:00:00,15805,Ton
863,2015-04-05T00:00:00,41385,Ton
864,2015-05-05T00:00:00,41175,Ton
865,2015-06-05T00:00:00,33470,Ton
866,2015-07-05T00:00:00,30025,Ton
867,2015-08-05T00:00:00,30355,Ton
868,2015-09-05T00:00:00,32620,Ton
869,2015-10-05T00:00:00,16340,Ton
870,2015-11-05T00:00:00,44115,Ton
871,2015-12-05T00:00:00,42060,Ton
872,2015-05-13T00:00:00,36685,Ton
873,2015-05-14T00:00:00,32140,Ton
874,2015-05-15T00:00:00,31265,Ton
875,2015-05-16T00:00:00,31340,Ton
876,2015-05-17T00:00:00,17720,Ton
877,2015-05-18T00:00:00,41085,Ton
878,2015-05-19T00:00:00,43795,Ton
879,2015-05-20T00:00:00,39515,Ton
880,2015-05-21T00:00:00,31520,Ton
881,2015-05-22T00:00:00,31380,Ton
882,2015-05-23T00:00:00,33100,Ton
883,2015-05-24T00:00:00,15440,Ton
884,2015-05-25T00:00:00,43595,Ton
885,2015-05-26T00:00:00,38335,Ton
886,2015-05-27T00:00:00,33320,Ton
887,2015-05-28T00:00:00,31590,Ton
888,2015-05-29T00:00:00,29950,Ton
889,2015-05-30T00:00:00,33035,Ton
890,2015-05-31T00:00:00,16040,Ton
891,2015-01-06T00:00:00,44680,Ton
892,2015-02-06T00:00:00,39685,Ton
893,2015-03-06T00:00:00,36110,Ton
894,2015-04-06T00:00:00,33610,Ton
895,2015-05-06T00:00:00,36685,Ton
896,2015-06-06T00:00:00,26535,Ton
897,2015-07-06T00:00:00,16250,Ton
898,2015-08-06T00:00:00,47240,Ton
899,2015-09-06T00:00:00,47260,Ton
900,2015-10-06T00:00:00,38615,Ton
901,2015-11-06T00:00:00,37240,Ton
902,2015-12-06T00:00:00,35615,Ton
903,2015-06-13T00:00:00,36845,Ton
904,2015-06-14T00:00:00,15200,Ton
905,2015-06-15T00:00:00,46945,Ton
906,2015-06-16T00:00:00,43335,Ton
907,2015-06-17T00:00:00,42350,Ton
908,2015-06-18T00:00:00,35260,Ton
909,2015-06-19T00:00:00,36240,Ton
910,2015-06-20T00:00:00,33890,Ton
911,2015-06-21T00:00:00,15810,Ton
912,2015-06-22T00:00:00,41995,Ton
913,2015-06-23T00:00:00,39035,Ton
914,2015-06-24T00:00:00,33605,Ton
915,2015-06-25T00:00:00,32235,Ton
916,2015-06-26T00:00:00,31135,Ton
917,2015-06-27T00:00:00,35750,Ton
918,2015-06-28T00:00:00,16085,Ton
919,2015-06-29T00:00:00,43940,Ton
920,2015-06-30T00:00:00,42060,Ton
921,2015-01-07T00:00:00,37040,Ton
922,2015-02-07T00:00:00,34790,Ton
923,2015-03-07T00:00:00,34430,Ton
924,2015-04-07T00:00:00,34680,Ton
925,2015-05-07T00:00:00,16475,Ton
926,2015-06-07T00:00:00,42175,Ton
927,2015-07-07T00:00:00,39440,Ton
928,2015-08-07T00:00:00,36730,Ton
929,2015-09-07T00:00:00,35105,Ton
930,2015-10-07T00:00:00,39335,Ton
931,2015-11-07T00:00:00,37420,Ton
932,2015-12-07T00:00:00,18705,Ton
933,2015-07-13T00:00:00,48130,Ton
934,2015-07-14T00:00:00,46505,Ton
935,2015-07-15T00:00:00,43790,Ton
936,2015-07-16T00:00:00,48580,Ton
937,2015-07-17T00:00:00,39790,Ton
938,2015-07-18T00:00:00,29620,Ton
939,2015-07-19T00:00:00,9090,Ton
940,2015-07-20T00:00:00,31420,Ton
941,2015-07-21T00:00:00,32695,Ton
942,2015-07-22T00:00:00,32700,Ton
943,2015-07-23T00:00:00,32715,Ton
944,2015-07-24T00:00:00,34965,Ton
945,2015-07-25T00:00:00,32870,Ton
946,2015-07-26T00:00:00,17550,Ton
947,2015-07-27T00:00:00,45595,Ton
948,2015-07-28T00:00:00,32500,Ton
949,2015-07-29T00:00:00,36050,Ton
950,2015-07-30T00:00:00,35335,Ton
951,2015-07-31T00:00:00,35910,Ton
952,2015-01-08T00:00:00,38670,Ton
953,2015-02-08T00:00:00,17810,Ton
954,2015-03-08T00:00:00,42980,Ton
955,2015-04-08T00:00:00,40155,Ton
956,2015-05-08T00:00:00,37820,Ton
957,2015-06-08T00:00:00,36860,Ton
958,2015-07-08T00:00:00,36620,Ton
959,2015-08-08T00:00:00,34150,Ton
960,2015-09-08T00:00:00,15535,Ton
961,2015-10-08T00:00:00,44875,Ton
962,2015-11-08T00:00:00,41530,Ton
963,2015-12-08T00:00:00,38950,Ton
964,2015-08-13T00:00:00,37455,Ton
965,2015-08-14T00:00:00,35780,Ton
966,2015-08-15T00:00:00,37870,Ton
967,2015-08-16T00:00:00,17200,Ton
968,2015-08-17T00:00:00,43775,Ton
969,2015-08-18T00:00:00,40475,Ton
970,2015-08-19T00:00:00,38330,Ton
971,2015-08-20T00:00:00,33810,Ton
972,2015-08-21T00:00:00,34035,Ton
973,2015-08-22T00:00:00,37045,Ton
974,2015-08-23T00:00:00,17140,Ton
975,2015-08-24T00:00:00,42210,Ton
976,2015-08-25T00:00:00,40920,Ton
977,2015-08-26T00:00:00,38840,Ton
978,2015-08-27T00:00:00,37035,Ton
979,2015-08-28T00:00:00,33500,Ton
980,2015-08-29T00:00:00,31600,Ton
981,2015-08-30T00:00:00,15660,Ton
982,2015-08-31T00:00:00,43460,Ton
983,2015-01-09T00:00:00,39740,Ton
984,2015-02-09T00:00:00,35140,Ton
985,2015-03-09T00:00:00,32995,Ton
986,2015-04-09T00:00:00,32950,Ton
987,2015-05-09T00:00:00,35480,Ton
988,2015-06-09T00:00:00,14780,Ton
989,2015-07-09T00:00:00,45715,Ton
990,2015-08-09T00:00:00,42300,Ton
991,2015-09-09T00:00:00,38350,Ton
992,2015-10-09T00:00:00,34395,Ton
993,2015-11-09T00:00:00,32995,Ton
994,2015-12-09T00:00:00,35070,Ton
995,2015-09-13T00:00:00,17470,Ton
996,2015-09-14T00:00:00,46365,Ton
997,2015-09-15T00:00:00,42575,Ton
998,2015-09-16T00:00:00,41310,Ton
999,2015-09-17T00:00:00,38465,Ton
1000,2015-09-18T00:00:00,36180,Ton
1001,2015-09-19T00:00:00,41785,Ton
1002,2015-09-20T00:00:00,18570,Ton
1003,2015-09-21T00:00:00,49510,Ton
1004,2015-09-22T00:00:00,49010,Ton
1005,2015-09-23T00:00:00,40385,Ton
1006,2015-09-24T00:00:00,48385,Ton
1007,2015-09-25T00:00:00,61500,Ton
1008,2015-09-26T00:00:00,43745,Ton
1009,2015-09-27T00:00:00,31030,Ton
1010,2015-09-28T00:00:00,34730,Ton
1011,2015-09-29T00:00:00,35025,Ton
1012,2015-09-30T00:00:00,40120,Ton
1013,2015-01-10T00:00:00,37900,Ton
1014,2015-02-10T00:00:00,32655,Ton
1015,2015-03-10T00:00:00,33105,Ton
1016,2015-04-10T00:00:00,18020,Ton
1017,2015-05-10T00:00:00,44570,Ton
1018,2015-06-10T00:00:00,39015,Ton
1019,2015-07-10T00:00:00,38605,Ton
1020,2015-08-10T00:00:00,36465,Ton
1021,2015-09-10T00:00:00,33480,Ton
1022,2015-10-10T00:00:00,35005,Ton
1023,2015-11-10T00:00:00,16725,Ton
1024,2015-12-10T00:00:00,42895,Ton
1025,2015-10-13T00:00:00,40240,Ton
1026,2015-10-14T00:00:00,35170,Ton
1027,2015-10-15T00:00:00,33870,Ton
1028,2015-10-16T00:00:00,32880,Ton
1029,2015-10-17T00:00:00,34055,Ton
1030,2015-10-18T00:00:00,15830,Ton
1031,2015-10-19T00:00:00,43360,Ton
1032,2015-10-20T00:00:00,38980,Ton
1033,2015-10-21T00:00:00,38755,Ton
1034,2015-10-22T00:00:00,36665,Ton
1035,2015-10-23T00:00:00,32770,Ton
1036,2015-10-24T00:00:00,33850,Ton
1037,2015-10-25T00:00:00,16905,Ton
1038,2015-10-26T00:00:00,45425,Ton
1039,2015-10-27T00:00:00,42665,Ton
1040,2015-10-28T00:00:00,35455,Ton
1041,2015-10-29T00:00:00,38480,Ton
1042,2015-10-30T00:00:00,35985,Ton
1043,2015-10-31T00:00:00,36575,Ton
1044,2015-01-11T00:00:00,13210,Ton
1045,2015-02-11T00:00:00,48770,Ton
1046,2015-03-11T00:00:00,42885,Ton
1047,2015-04-11T00:00:00,40310,Ton
1048,2015-05-11T00:00:00,40395,Ton
1049,2015-06-11T00:00:00,37525,Ton
1050,2015-07-11T00:00:00,35555,Ton
1051,2015-08-11T00:00:00,15795,Ton
1052,2015-09-11T00:00:00,47310,Ton
1053,2015-10-11T00:00:00,42075,Ton
1054,2015-11-11T00:00:00,37555,Ton
1055,2015-12-11T00:00:00,35335,Ton
1056,2015-11-13T00:00:00,34080,Ton
1057,2015-11-14T00:00:00,34440,Ton
1058,2015-11-15T00:00:00,15815,Ton
1059,2015-11-16T00:00:00,48530,Ton
1060,2015-11-17T00:00:00,43960,Ton
1061,2015-11-18T00:00:00,38880,Ton
1062,2015-11-19T00:00:00,36755,Ton
1063,2015-11-20T00:00:00,40275,Ton
1064,2015-11-21T00:00:00,34385,Ton
1065,2015-11-22T00:00:00,19405,Ton
1066,2015-11-23T00:00:00,48245,Ton
1067,2015-11-24T00:00:00,49080,Ton
1068,2015-11-25T00:00:00,37585,Ton
1069,2015-11-26T00:00:00,36645,Ton
1070,2015-11-27T00:00:00,39925,Ton
1071,2015-11-28T00:00:00,40035,Ton
1072,2015-11-29T00:00:00,20120,Ton
1073,2015-11-30T00:00:00,48770,Ton
1074,2015-01-12T00:00:00,47550,Ton
1075,2015-02-12T00:00:00,42730,Ton
1076,2015-03-12T00:00:00,38780,Ton
1077,2015-04-12T00:00:00,33790,Ton
1078,2015-05-12T00:00:00,33520,Ton
1079,2015-06-12T00:00:00,13815,Ton
1080,2015-07-12T00:00:00,44680,Ton
1081,2015-08-12T00:00:00,47465,Ton
1082,2015-09-12T00:00:00,38300,Ton
1083,2015-10-12T00:00:00,34735,Ton
1084,2015-11-12T00:00:00,32820,Ton
1085,2015-12-12T00:00:00,34750,Ton
1086,2015-12-13T00:00:00,15175,Ton
1087,2015-12-14T00:00:00,47175,Ton
1088,2015-12-15T00:00:00,39810,Ton
1089,2015-12-16T00:00:00,37360,Ton
1090,2015-12-17T00:00:00,31020,Ton
1091,2015-12-18T00:00:00,35690,Ton
1092,2015-12-19T00:00:00,34680,Ton
1093,2015-12-20T00:00:00,14185,Ton
1094,2015-12-21T00:00:00,40645,Ton
1095,2015-12-22T00:00:00,40760,Ton
1096,2015-12-23T00:00:00,39210,Ton
1097,2015-12-24T00:00:00,36170,Ton
1098,2015-12-25T00:00:00,34045,Ton
1099,2015-12-26T00:00:00,38380,Ton
1100,2015-12-27T00:00:00,16290,Ton
1101,2015-12-28T00:00:00,39275,Ton
1102,2015-12-29T00:00:00,40845,Ton
1103,2015-12-30T00:00:00,35020,Ton
1104,2015-12-31T00:00:00,31000,Ton
1105,2016-01-01T00:00:00,27600,Ton
1106,2016-02-01T00:00:00,31045,Ton
1107,2016-03-01T00:00:00,16730,Ton
1108,2016-04-01T00:00:00,38365,Ton
1109,2016-05-01T00:00:00,43830,Ton
1110,2016-06-01T00:00:00,39340,Ton
1111,2016-07-01T00:00:00,37545,Ton
1112,2016-08-01T00:00:00,37935,Ton
1113,2016-09-01T00:00:00,39480,Ton
1114,2016-10-01T00:00:00,18130,Ton
1115,2016-11-01T00:00:00,45725,Ton
1116,2016-12-01T00:00:00,52080,Ton
1117,2016-01-13T00:00:00,39785,Ton
1118,2016-01-14T00:00:00,34410,Ton
1119,2016-01-15T00:00:00,33670,Ton
1120,2016-01-16T00:00:00,33505,Ton
1121,2016-01-17T00:00:00,17875,Ton
1122,2016-01-18T00:00:00,44295,Ton
1123,2016-01-19T00:00:00,40655,Ton
1124,2016-01-20T00:00:00,32960,Ton
1125,2016-01-21T00:00:00,34275,Ton
1126,2016-01-22T00:00:00,32255,Ton
1127,2016-01-23T00:00:00,34050,Ton
1128,2016-01-24T00:00:00,13905,Ton
1129,2016-01-25T00:00:00,36560,Ton
1130,2016-01-26T00:00:00,34870,Ton
1131,2016-01-27T00:00:00,33330,Ton
1132,2016-01-28T00:00:00,32005,Ton
1133,2016-01-29T00:00:00,34890,Ton
1134,2016-01-30T00:00:00,37180,Ton
1135,2016-01-31T00:00:00,18480,Ton
1136,2016-01-02T00:00:00,43975,Ton
1137,2016-02-02T00:00:00,44035,Ton
1138,2016-03-02T00:00:00,40450,Ton
1139,2016-04-02T00:00:00,37085,Ton
1140,2016-05-02T00:00:00,35760,Ton
1141,2016-06-02T00:00:00,37230,Ton
1142,2016-07-02T00:00:00,15430,Ton
1143,2016-08-02T00:00:00,40490,Ton
1144,2016-09-02T00:00:00,40705,Ton
1145,2016-10-02T00:00:00,39750,Ton
1146,2016-11-02T00:00:00,34910,Ton
1147,2016-12-02T00:00:00,32605,Ton
1148,2016-02-13T00:00:00,33140,Ton
1149,2016-02-14T00:00:00,17460,Ton
1150,2016-02-15T00:00:00,46435,Ton
1151,2016-02-16T00:00:00,44560,Ton
1152,2016-02-17T00:00:00,37900,Ton
1153,2016-02-18T00:00:00,37330,Ton
1154,2016-02-19T00:00:00,33420,Ton
1155,2016-02-20T00:00:00,31280,Ton
1156,2016-02-21T00:00:00,16595,Ton
1157,2016-02-22T00:00:00,39570,Ton
1158,2016-02-23T00:00:00,42385,Ton
1159,2016-02-24T00:00:00,38300,Ton
1160,2016-02-25T00:00:00,37365,Ton
1161,2016-02-26T00:00:00,33710,Ton
1162,2016-02-27T00:00:00,35325,Ton
1163,2016-02-28T00:00:00,15500,Ton
1164,2016-02-29T00:00:00,48835,Ton
1165,2016-01-03T00:00:00,46980,Ton
1166,2016-02-03T00:00:00,36050,Ton
1167,2016-03-03T00:00:00,32225,Ton
1168,2016-04-03T00:00:00,31390,Ton
1169,2016-05-03T00:00:00,32615,Ton
1170,2016-06-03T00:00:00,16355,Ton
1171,2016-07-03T00:00:00,43440,Ton
1172,2016-08-03T00:00:00,47910,Ton
1173,2016-09-03T00:00:00,39055,Ton
1174,2016-10-03T00:00:00,34625,Ton
1175,2016-11-03T00:00:00,34900,Ton
1176,2016-12-03T00:00:00,32575,Ton
1177,2016-03-13T00:00:00,17740,Ton
1178,2016-03-14T00:00:00,48690,Ton
1179,2016-03-15T00:00:00,39125,Ton
1180,2016-03-16T00:00:00,30830,Ton
1181,2016-03-17T00:00:00,31730,Ton
1182,2016-03-18T00:00:00,29310,Ton
1183,2016-03-19T00:00:00,32675,Ton
1184,2016-03-20T00:00:00,18715,Ton
1185,2016-03-21T00:00:00,40020,Ton
1186,2016-03-22T00:00:00,41010,Ton
1187,2016-03-23T00:00:00,39150,Ton
1188,2016-03-24T00:00:00,30220,Ton
1189,2016-03-25T00:00:00,31810,Ton
1190,2016-03-26T00:00:00,30280,Ton
1191,2016-03-27T00:00:00,14790,Ton
1192,2016-03-28T00:00:00,43535,Ton
1193,2016-03-29T00:00:00,41870,Ton
1194,2016-03-30T00:00:00,33610,Ton
1195,2016-03-31T00:00:00,35740,Ton
1196,2016-01-04T00:00:00,29780,Ton
1197,2016-02-04T00:00:00,35255,Ton
1198,2016-03-04T00:00:00,19580,Ton
1199,2016-04-04T00:00:00,40630,Ton
1200,2016-05-04T00:00:00,42845,Ton
1201,2016-06-04T00:00:00,35680,Ton
1202,2016-07-04T00:00:00,32220,Ton
1203,2016-08-04T00:00:00,35655,Ton
1204,2016-09-04T00:00:00,32320,Ton
1205,2016-10-04T00:00:00,16995,Ton
1206,2016-11-04T00:00:00,41235,Ton
1207,2016-12-04T00:00:00,38130,Ton
1208,2016-04-13T00:00:00,32255,Ton
1209,2016-04-14T00:00:00,31795,Ton
1210,2016-04-15T00:00:00,27645,Ton
1211,2016-04-16T00:00:00,31050,Ton
1212,2016-04-17T00:00:00,17945,Ton
1213,2016-04-18T00:00:00,41895,Ton
1214,2016-04-19T00:00:00,38860,Ton
1215,2016-04-20T00:00:00,32585,Ton
1216,2016-04-21T00:00:00,27775,Ton
1217,2016-04-22T00:00:00,34305,Ton
1218,2016-04-23T00:00:00,29860,Ton
1219,2016-04-24T00:00:00,18365,Ton
1220,2016-04-25T00:00:00,33765,Ton
1221,2016-04-26T00:00:00,33705,Ton
1222,2016-04-27T00:00:00,28455,Ton
1223,2016-04-28T00:00:00,31365,Ton
1224,2016-04-29T00:00:00,34345,Ton
1225,2016-04-30T00:00:00,29755,Ton
1226,2016-01-05T00:00:00,17740,Ton
1227,2016-02-05T00:00:00,43990,Ton
1228,2016-03-05T00:00:00,36505,Ton
1229,2016-04-05T00:00:00,33320,Ton
1230,2016-05-05T00:00:00,28605,Ton
1231,2016-06-05T00:00:00,29295,Ton
1232,2016-07-05T00:00:00,31185,Ton
1233,2016-08-05T00:00:00,15045,Ton
1234,2016-09-05T00:00:00,45020,Ton
1235,2016-10-05T00:00:00,36090,Ton
1236,2016-11-05T00:00:00,35990,Ton
1237,2016-12-05T00:00:00,32745,Ton
1238,2016-05-13T00:00:00,28035,Ton
1239,2016-05-14T00:00:00,29520,Ton
1240,2016-05-15T00:00:00,16570,Ton
1241,2016-05-16T00:00:00,37610,Ton
1242,2016-05-17T00:00:00,38805,Ton
1243,2016-05-18T00:00:00,32925,Ton
1244,2016-05-19T00:00:00,32660,Ton
1245,2016-05-20T00:00:00,32565,Ton
1246,2016-05-21T00:00:00,29740,Ton
1247,2016-05-22T00:00:00,13620,Ton
1248,2016-05-23T00:00:00,40660,Ton
1249,2016-05-24T00:00:00,37145,Ton
1250,2016-05-25T00:00:00,34375,Ton
1251,2016-05-26T00:00:00,28380,Ton
1252,2016-05-27T00:00:00,32640,Ton
1253,2016-05-28T00:00:00,30675,Ton
1254,2016-05-29T00:00:00,19045,Ton
1255,2016-05-30T00:00:00,43455,Ton
1256,2016-05-31T00:00:00,40440,Ton
1257,2016-01-06T00:00:00,35865,Ton
1258,2016-02-06T00:00:00,32245,Ton
1259,2016-03-06T00:00:00,34135,Ton
1260,2016-04-06T00:00:00,36610,Ton
1261,2016-05-06T00:00:00,20365,Ton
1262,2016-06-06T00:00:00,48470,Ton
1263,2016-07-06T00:00:00,42360,Ton
1264,2016-08-06T00:00:00,35555,Ton
1265,2016-09-06T00:00:00,34860,Ton
1266,2016-10-06T00:00:00,39795,Ton
1267,2016-11-06T00:00:00,34160,Ton
1268,2016-12-06T00:00:00,16825,Ton
1269,2016-06-13T00:00:00,45425,Ton
1270,2016-06-14T00:00:00,37845,Ton
1271,2016-06-15T00:00:00,35040,Ton
1272,2016-06-16T00:00:00,32695,Ton
1273,2016-06-17T00:00:00,32180,Ton
1274,2016-06-18T00:00:00,32055,Ton
1275,2016-06-19T00:00:00,16730,Ton
1276,2016-06-20T00:00:00,42225,Ton
1277,2016-06-21T00:00:00,38770,Ton
1278,2016-06-22T00:00:00,34790,Ton
1279,2016-06-23T00:00:00,35915,Ton
1280,2016-06-24T00:00:00,34980,Ton
1281,2016-06-25T00:00:00,36805,Ton
1282,2016-06-26T00:00:00,19170,Ton
1283,2016-06-27T00:00:00,40910,Ton
1284,2016-06-28T00:00:00,44225,Ton
1285,2016-06-29T00:00:00,40115,Ton
1286,2016-06-30T00:00:00,40290,Ton
1287,2016-01-07T00:00:00,39990,Ton
1288,2016-02-07T00:00:00,40385,Ton
1289,2016-03-07T00:00:00,22160,Ton
1290,2016-04-07T00:00:00,55470,Ton
1291,2016-05-07T00:00:00,43570,Ton
1292,2016-06-07T00:00:00,33230,Ton
1293,2016-07-07T00:00:00,24130,Ton
1294,2016-08-07T00:00:00,25095,Ton
1295,2016-09-07T00:00:00,29380,Ton
1296,2016-10-07T00:00:00,15055,Ton
1297,2016-11-07T00:00:00,37650,Ton
1298,2016-12-07T00:00:00,37615,Ton
1299,2016-07-13T00:00:00,35505,Ton
1300,2016-07-14T00:00:00,31955,Ton
1301,2016-07-15T00:00:00,33940,Ton
1302,2016-07-16T00:00:00,28785,Ton
1303,2016-07-17T00:00:00,14950,Ton
1304,2016-07-18T00:00:00,42295,Ton
1305,2016-07-19T00:00:00,41005,Ton
1306,2016-07-20T00:00:00,34495,Ton
1307,2016-07-21T00:00:00,35460,Ton
1308,2016-07-22T00:00:00,32170,Ton
1309,2016-07-23T00:00:00,35390,Ton
1310,2016-07-24T00:00:00,16580,Ton
1311,2016-07-25T00:00:00,40085,Ton
1312,2016-07-26T00:00:00,38895,Ton
1313,2016-07-27T00:00:00,32890,Ton
1314,2016-07-28T00:00:00,31055,Ton
1315,2016-07-29T00:00:00,32255,Ton
1316,2016-07-30T00:00:00,33305,Ton
1317,2016-07-31T00:00:00,16425,Ton
1318,2016-01-08T00:00:00,40930,Ton
1319,2016-02-08T00:00:00,38630,Ton
1320,2016-03-08T00:00:00,32800,Ton
1321,2016-04-08T00:00:00,33375,Ton
1322,2016-05-08T00:00:00,30050,Ton
1323,2016-06-08T00:00:00,33975,Ton
1324,2016-07-08T00:00:00,16340,Ton
1325,2016-08-08T00:00:00,41075,Ton
1326,2016-09-08T00:00:00,39585,Ton
1327,2016-10-08T00:00:00,34790,Ton
1328,2016-11-08T00:00:00,33255,Ton
1329,2016-12-08T00:00:00,33910,Ton
1330,2016-08-13T00:00:00,36810,Ton
1331,2016-08-14T00:00:00,17010,Ton
1332,2016-08-15T00:00:00,44410,Ton
1333,2016-08-16T00:00:00,37825,Ton
1334,2016-08-17T00:00:00,34355,Ton
1335,2016-08-18T00:00:00,34510,Ton
1336,2016-08-19T00:00:00,31420,Ton
1337,2016-08-20T00:00:00,35440,Ton
1338,2016-08-21T00:00:00,18095,Ton
1339,2016-08-22T00:00:00,42855,Ton
1340,2016-08-23T00:00:00,40310,Ton
1341,2016-08-24T00:00:00,36200,Ton
1342,2016-08-25T00:00:00,33320,Ton
1343,2016-08-26T00:00:00,36030,Ton
1344,2016-08-27T00:00:00,34570,Ton
1345,2016-08-28T00:00:00,19870,Ton
1346,2016-08-29T00:00:00,46010,Ton
1347,2016-08-30T00:00:00,40850,Ton
1348,2016-08-31T00:00:00,39920,Ton
1349,2016-01-09T00:00:00,37145,Ton
1350,2016-02-09T00:00:00,35755,Ton
1351,2016-03-09T00:00:00,38430,Ton
1352,2016-04-09T00:00:00,18505,Ton
1353,2016-05-09T00:00:00,47475,Ton
1354,2016-06-09T00:00:00,47885,Ton
1355,2016-07-09T00:00:00,41520,Ton
1356,2016-08-09T00:00:00,37785,Ton
1357,2016-09-09T00:00:00,38665,Ton
1358,2016-10-09T00:00:00,46150,Ton
1359,2016-11-09T00:00:00,50430,Ton
1360,2016-12-09T00:00:00,50945,Ton
1361,2016-09-13T00:00:00,69740,Ton
1362,2016-09-14T00:00:00,52440,Ton
1363,2016-09-15T00:00:00,42115,Ton
1364,2016-09-16T00:00:00,33025,Ton
1365,2016-09-17T00:00:00,36175,Ton
1366,2016-09-18T00:00:00,16695,Ton
1367,2016-09-19T00:00:00,43370,Ton
1368,2016-09-20T00:00:00,42455,Ton
1369,2016-09-21T00:00:00,38215,Ton
1370,2016-09-22T00:00:00,36830,Ton
1371,2016-09-23T00:00:00,38370,Ton
1372,2016-09-24T00:00:00,36995,Ton
1373,2016-09-25T00:00:00,18730,Ton
1374,2016-09-26T00:00:00,48140,Ton
1375,2016-09-27T00:00:00,41860,Ton
1376,2016-09-28T00:00:00,36920,Ton
1377,2016-09-29T00:00:00,34375,Ton
1378,2016-09-30T00:00:00,33880,Ton
1379,2016-01-10T00:00:00,33855,Ton
1380,2016-02-10T00:00:00,19540,Ton
1381,2016-03-10T00:00:00,43860,Ton
1382,2016-04-10T00:00:00,39620,Ton
1383,2016-05-10T00:00:00,35505,Ton
1384,2016-06-10T00:00:00,28250,Ton
1385,2016-07-10T00:00:00,34070,Ton
1386,2016-08-10T00:00:00,30800,Ton
1387,2016-09-10T00:00:00,18700,Ton
1388,2016-10-10T00:00:00,45515,Ton
1389,2016-11-10T00:00:00,41630,Ton
1390,2016-12-10T00:00:00,33175,Ton
1391,2016-10-13T00:00:00,37125,Ton
1392,2016-10-14T00:00:00,31450,Ton
1393,2016-10-15T00:00:00,35060,Ton
1394,2016-10-16T00:00:00,18505,Ton
1395,2016-10-17T00:00:00,40835,Ton
1396,2016-10-18T00:00:00,37760,Ton
1397,2016-10-19T00:00:00,32980,Ton
1398,2016-10-20T00:00:00,32160,Ton
1399,2016-10-21T00:00:00,34580,Ton
1400,2016-10-22T00:00:00,30575,Ton
1401,2016-10-23T00:00:00,15625,Ton
1402,2016-10-24T00:00:00,46015,Ton
1403,2016-10-25T00:00:00,41265,Ton
1404,2016-10-26T00:00:00,35180,Ton
1405,2016-10-27T00:00:00,36630,Ton
1406,2016-10-28T00:00:00,31920,Ton
1407,2016-10-29T00:00:00,36260,Ton
1408,2016-10-30T00:00:00,16895,Ton
1409,2016-10-31T00:00:00,46455,Ton
1410,2016-01-11T00:00:00,40860,Ton
1411,2016-02-11T00:00:00,34660,Ton
1412,2016-03-11T00:00:00,33305,Ton
1413,2016-04-11T00:00:00,35155,Ton
1414,2016-05-11T00:00:00,37050,Ton
1415,2016-06-11T00:00:00,17860,Ton
1416,2016-07-11T00:00:00,44130,Ton
1417,2016-08-11T00:00:00,42570,Ton
1418,2016-09-11T00:00:00,40825,Ton
1419,2016-10-11T00:00:00,35765,Ton
1420,2016-11-11T00:00:00,40715,Ton
1421,2016-12-11T00:00:00,33875,Ton
1422,2016-11-13T00:00:00,18655,Ton
1423,2016-11-14T00:00:00,47525,Ton
1424,2016-11-15T00:00:00,43585,Ton
1425,2016-11-16T00:00:00,37820,Ton
1426,2016-11-17T00:00:00,33995,Ton
1427,2016-11-18T00:00:00,35985,Ton
1428,2016-11-19T00:00:00,35400,Ton
1429,2016-11-20T00:00:00,19335,Ton
1430,2016-11-21T00:00:00,46395,Ton
1431,2016-11-22T00:00:00,41885,Ton
1432,2016-11-23T00:00:00,38550,Ton
1433,2016-11-24T00:00:00,34605,Ton
1434,2016-11-25T00:00:00,32500,Ton
1435,2016-11-26T00:00:00,35230,Ton
1436,2016-11-27T00:00:00,19355,Ton
1437,2016-11-28T00:00:00,43515,Ton
1438,2016-11-29T00:00:00,43950,Ton
1439,2016-11-30T00:00:00,39530,Ton
1440,2016-01-12T00:00:00,37675,Ton
1441,2016-02-12T00:00:00,33530,Ton
1442,2016-03-12T00:00:00,36015,Ton
1443,2016-04-12T00:00:00,18440,Ton
1444,2016-05-12T00:00:00,43830,Ton
1445,2016-06-12T00:00:00,38215,Ton
1446,2016-07-12T00:00:00,39415,Ton
1447,2016-08-12T00:00:00,35520,Ton
1448,2016-09-12T00:00:00,31130,Ton
1449,2016-10-12T00:00:00,33115,Ton
1450,2016-11-12T00:00:00,17740,Ton
1451,2016-12-12T00:00:00,41750,Ton
1452,2016-12-13T00:00:00,38855,Ton
1453,2016-12-14T00:00:00,32695,Ton
1454,2016-12-15T00:00:00,28995,Ton
1455,2016-12-16T00:00:00,30725,Ton
1456,2016-12-17T00:00:00,30605,Ton
1457,2016-12-18T00:00:00,15815,Ton
1458,2016-12-19T00:00:00,35950,Ton
1459,2016-12-20T00:00:00,35290,Ton
1460,2016-12-21T00:00:00,26715,Ton
1461,2016-12-22T00:00:00,16280,Ton
1462,2016-12-23T00:00:00,8465,Ton
1463,2016-12-24T00:00:00,31480,Ton
1464,2016-12-25T00:00:00,23545,Ton
1465,2016-12-26T00:00:00,39790,Ton
1466,2016-12-27T00:00:00,14590,Ton
1467,2016-12-28T00:00:00,45840,Ton
1468,2016-12-29T00:00:00,43210,Ton
1469,2016-12-30T00:00:00,8955,Ton
1470,2016-12-31T00:00:00,39680,Ton
1471,2017-01-01T00:00:00,34365,Ton
1472,2017-02-01T00:00:00,28780,Ton
1473,2017-03-01T00:00:00,30300,Ton
1474,2017-04-01T00:00:00,38860,Ton
1475,2017-05-01T00:00:00,39210,Ton
1476,2017-06-01T00:00:00,44960,Ton
1477,2017-07-01T00:00:00,46450,Ton
1478,2017-08-01T00:00:00,31445,Ton
1479,2017-09-01T00:00:00,37165,Ton
1480,2017-10-01T00:00:00,32500,Ton
1481,2017-11-01T00:00:00,34310,Ton
1482,2017-12-01T00:00:00,36410,Ton
1483,2017-01-13T00:00:00,39205,Ton
1484,2017-01-14T00:00:00,33870,Ton
1485,2017-01-15T00:00:00,32185,Ton
1486,2017-01-16T00:00:00,38960,Ton
1487,2017-01-17T00:00:00,45445,Ton
1488,2017-01-18T00:00:00,34705,Ton
1489,2017-01-19T00:00:00,40195,Ton
1490,2017-01-20T00:00:00,33320,Ton
1491,2017-01-21T00:00:00,40950,Ton
1492,2017-01-22T00:00:00,37440,Ton
1493,2017-01-23T00:00:00,41160,Ton
1494,2017-01-24T00:00:00,32750,Ton
1495,2017-01-25T00:00:00,35640,Ton
1496,2017-01-26T00:00:00,31265,Ton
1497,2017-01-27T00:00:00,25050,Ton
1498,2017-01-28T00:00:00,29110,Ton
1499,2017-01-29T00:00:00,16595,Ton
1500,2017-01-30T00:00:00,33665,Ton
1501,2017-01-31T00:00:00,34260,Ton
1502,2017-01-02T00:00:00,33185,Ton
1503,2017-02-02T00:00:00,26830,Ton
1504,2017-03-02T00:00:00,33935,Ton
1505,2017-04-02T00:00:00,37055,Ton
1506,2017-05-02T00:00:00,27015,Ton
1507,2017-06-02T00:00:00,45170,Ton
1508,2017-07-02T00:00:00,50120,Ton
1509,2017-08-02T00:00:00,46390,Ton
1510,2017-09-02T00:00:00,48090,Ton
1511,2017-10-02T00:00:00,39610,Ton
1512,2017-11-02T00:00:00,45640,Ton
1513,2017-12-02T00:00:00,24945,Ton
1514,2017-02-13T00:00:00,44085,Ton
1515,2017-02-14T00:00:00,37250,Ton
1516,2017-02-15T00:00:00,35235,Ton
1517,2017-02-16T00:00:00,32550,Ton
1518,2017-02-17T00:00:00,30230,Ton
1519,2017-02-18T00:00:00,41600,Ton
1520,2017-02-19T00:00:00,21525,Ton
1521,2017-02-20T00:00:00,44975,Ton
1522,2017-02-21T00:00:00,47745,Ton
1523,2017-02-22T00:00:00,47420,Ton
1524,2017-02-23T00:00:00,44930,Ton
1525,2017-02-24T00:00:00,41710,Ton
1526,2017-02-25T00:00:00,46975,Ton
1527,2017-02-26T00:00:00,23855,Ton
1528,2017-02-27T00:00:00,56460,Ton
1529,2017-02-28T00:00:00,55795,Ton
1530,2017-01-03T00:00:00,44285,Ton
1531,2017-02-03T00:00:00,48805,Ton
1532,2017-03-03T00:00:00,40115,Ton
1533,2017-04-03T00:00:00,41345,Ton
1534,2017-05-03T00:00:00,27685,Ton
1535,2017-06-03T00:00:00,56610,Ton
1536,2017-07-03T00:00:00,52030,Ton
1537,2017-08-03T00:00:00,49115,Ton
1538,2017-09-03T00:00:00,42580,Ton
1539,2017-10-03T00:00:00,35655,Ton
1540,2017-11-03T00:00:00,39390,Ton
1541,2017-12-03T00:00:00,17450,Ton
1542,2017-03-13T00:00:00,47540,Ton
1543,2017-03-14T00:00:00,46680,Ton
1544,2017-03-15T00:00:00,38405,Ton
1545,2017-03-16T00:00:00,38675,Ton
1546,2017-03-17T00:00:00,35630,Ton
1547,2017-03-18T00:00:00,40140,Ton
1548,2017-03-19T00:00:00,17880,Ton
1549,2017-03-20T00:00:00,52010,Ton
1550,2017-03-21T00:00:00,49490,Ton
1551,2017-03-22T00:00:00,44825,Ton
1552,2017-03-23T00:00:00,38020,Ton
1553,2017-03-24T00:00:00,39035,Ton
1554,2017-03-25T00:00:00,41960,Ton
1555,2017-03-26T00:00:00,19795,Ton
1556,2017-03-27T00:00:00,55820,Ton
1557,2017-03-28T00:00:00,44225,Ton
1558,2017-03-29T00:00:00,42380,Ton
1559,2017-03-30T00:00:00,39595,Ton
1560,2017-03-31T00:00:00,35285,Ton
1561,2017-01-04T00:00:00,36470,Ton
1562,2017-02-04T00:00:00,19365,Ton
1563,2017-03-04T00:00:00,51030,Ton
1564,2017-04-04T00:00:00,44500,Ton
1565,2017-05-04T00:00:00,38215,Ton
1566,2017-06-04T00:00:00,35820,Ton
1567,2017-07-04T00:00:00,35695,Ton
1568,2017-08-04T00:00:00,37985,Ton
1569,2017-09-04T00:00:00,19370,Ton
1570,2017-10-04T00:00:00,40230,Ton
1571,2017-11-04T00:00:00,40030,Ton
1572,2017-12-04T00:00:00,35585,Ton
1573,2017-04-13T00:00:00,32820,Ton
1574,2017-04-14T00:00:00,30805,Ton
1575,2017-04-15T00:00:00,36410,Ton
1576,2017-04-16T00:00:00,18660,Ton
1577,2017-04-17T00:00:00,45515,Ton
1578,2017-04-18T00:00:00,41125,Ton
1579,2017-04-19T00:00:00,38780,Ton
1580,2017-04-20T00:00:00,33520,Ton
1581,2017-04-21T00:00:00,32685,Ton
1582,2017-04-22T00:00:00,32335,Ton
1583,2017-04-23T00:00:00,18575,Ton
1584,2017-04-24T00:00:00,42065,Ton
1585,2017-04-25T00:00:00,39885,Ton
1586,2017-04-26T00:00:00,34415,Ton
1587,2017-04-27T00:00:00,36845,Ton
1588,2017-04-28T00:00:00,33580,Ton
1589,2017-04-29T00:00:00,35165,Ton
1590,2017-04-30T00:00:00,17980,Ton
1591,2017-01-05T00:00:00,39280,Ton
1592,2017-02-05T00:00:00,34382,Ton
1593,2017-03-05T00:00:00,32676,Ton
1594,2017-04-05T00:00:00,31422,Ton
1595,2017-05-05T00:00:00,32884,Ton
1596,2017-06-05T00:00:00,31428,Ton
1597,2017-07-05T00:00:00,19726,Ton
1598,2017-08-05T00:00:00,44194,Ton
1599,2017-09-05T00:00:00,38592,Ton
1600,2017-10-05T00:00:00,38496,Ton
1601,2017-11-05T00:00:00,33896,Ton
1602,2017-12-05T00:00:00,35518,Ton
1603,2017-05-13T00:00:00,39540,Ton
1604,2017-05-14T00:00:00,18000,Ton
1605,2017-05-15T00:00:00,48816,Ton
1606,2017-05-16T00:00:00,44626,Ton
1607,2017-05-17T00:00:00,41722,Ton
1608,2017-05-18T00:00:00,38346,Ton
1609,2017-05-19T00:00:00,36072,Ton
1610,2017-05-20T00:00:00,35642,Ton
1611,2017-05-21T00:00:00,18868,Ton
1612,2017-05-22T00:00:00,46386,Ton
1613,2017-05-23T00:00:00,43638,Ton
1614,2017-05-24T00:00:00,37784,Ton
1615,2017-05-25T00:00:00,43134,Ton
1616,2017-05-26T00:00:00,38482,Ton
1617,2017-05-27T00:00:00,37080,Ton
1618,2017-05-28T00:00:00,16836,Ton
1619,2017-05-29T00:00:00,43842,Ton
1620,2017-05-30T00:00:00,42416,Ton
1621,2017-05-31T00:00:00,37434,Ton
1622,2017-01-06T00:00:00,35952,Ton
1623,2017-02-06T00:00:00,33514,Ton
1624,2017-03-06T00:00:00,34580,Ton
1625,2017-04-06T00:00:00,16490,Ton
1626,2017-05-06T00:00:00,46098,Ton
1627,2017-06-06T00:00:00,41892,Ton
1628,2017-07-06T00:00:00,36744,Ton
1629,2017-08-06T00:00:00,37940,Ton
1630,2017-09-06T00:00:00,37736,Ton
1631,2017-10-06T00:00:00,39852,Ton
1632,2017-11-06T00:00:00,20992,Ton
1633,2017-12-06T00:00:00,47186,Ton
1634,2017-06-13T00:00:00,42044,Ton
1635,2017-06-14T00:00:00,38814,Ton
1636,2017-06-15T00:00:00,37270,Ton
1637,2017-06-16T00:00:00,39882,Ton
1638,2017-06-17T00:00:00,38670,Ton
1639,2017-06-18T00:00:00,17176,Ton
1640,2017-06-19T00:00:00,47516,Ton
1641,2017-06-20T00:00:00,47414,Ton
1642,2017-06-21T00:00:00,46236,Ton
1643,2017-06-22T00:00:00,41018,Ton
1644,2017-06-23T00:00:00,41572,Ton
1645,2017-06-24T00:00:00,51440,Ton
1646,2017-06-25T00:00:00,37296,Ton
1647,2017-06-26T00:00:00,34628,Ton
1648,2017-06-27T00:00:00,27014,Ton
1649,2017-06-28T00:00:00,27074,Ton
1650,2017-06-29T00:00:00,32828,Ton
1651,2017-06-30T00:00:00,32902,Ton
1652,2017-01-07T00:00:00,37296,Ton
1653,2017-02-07T00:00:00,17714,Ton
1654,2017-03-07T00:00:00,45842,Ton
1655,2017-04-07T00:00:00,45268,Ton
1656,2017-05-07T00:00:00,41782,Ton
1657,2017-06-07T00:00:00,39052,Ton
1658,2017-07-07T00:00:00,35920,Ton
1659,2017-08-07T00:00:00,40408,Ton
1660,2017-09-07T00:00:00,18728,Ton
1661,2017-10-07T00:00:00,47908,Ton
1662,2017-11-07T00:00:00,43854,Ton
1663,2017-12-07T00:00:00,40460,Ton
1664,2017-07-13T00:00:00,37510,Ton
1665,2017-07-14T00:00:00,38348,Ton
1666,2017-07-15T00:00:00,37802,Ton
1667,2017-07-16T00:00:00,17522,Ton
1668,2017-07-17T00:00:00,49092,Ton
1669,2017-07-18T00:00:00,41524,Ton
1670,2017-07-19T00:00:00,44346,Ton
1671,2017-07-20T00:00:00,39696,Ton
1672,2017-07-21T00:00:00,40666,Ton
1673,2017-07-22T00:00:00,38100,Ton
1674,2017-07-23T00:00:00,21228,Ton
1675,2017-07-24T00:00:00,51130,Ton
1676,2017-07-25T00:00:00,44070,Ton
1677,2017-07-26T00:00:00,39712,Ton
1678,2017-07-27T00:00:00,39112,Ton
1679,2017-07-28T00:00:00,38592,Ton
1680,2017-07-29T00:00:00,40720,Ton
1681,2017-07-30T00:00:00,20088,Ton
1682,2017-07-31T00:00:00,46796,Ton
1683,2017-01-08T00:00:00,42312,Ton
1684,2017-02-08T00:00:00,39210,Ton
1685,2017-03-08T00:00:00,39916,Ton
1686,2017-04-08T00:00:00,37370,Ton
1687,2017-05-08T00:00:00,42896,Ton
1688,2017-06-08T00:00:00,19816,Ton
1689,2017-07-08T00:00:00,46798,Ton
1690,2017-08-08T00:00:00,44370,Ton
1691,2017-09-08T00:00:00,42342,Ton
1692,2017-10-08T00:00:00,38796,Ton
1693,2017-11-08T00:00:00,37742,Ton
1694,2017-12-08T00:00:00,38022,Ton
1695,2017-08-13T00:00:00,20942,Ton
1696,2017-08-14T00:00:00,47820,Ton
1697,2017-08-15T00:00:00,44698,Ton
1698,2017-08-16T00:00:00,41794,Ton
1699,2017-08-17T00:00:00,39804,Ton
1700,2017-08-18T00:00:00,40484,Ton
1701,2017-08-19T00:00:00,42074,Ton
1702,2017-08-20T00:00:00,21032,Ton
1703,2017-08-21T00:00:00,48826,Ton
1704,2017-08-22T00:00:00,45030,Ton
1705,2017-08-23T00:00:00,43552,Ton
1706,2017-08-24T00:00:00,41248,Ton
1707,2017-08-25T00:00:00,39756,Ton
1708,2017-08-26T00:00:00,44650,Ton
1709,2017-08-27T00:00:00,22808,Ton
1710,2017-08-28T00:00:00,55608,Ton
1711,2017-08-29T00:00:00,47654,Ton
1712,2017-08-30T00:00:00,51044,Ton
1713,2017-08-31T00:00:00,58620,Ton
1714,2017-01-09T00:00:00,58452,Ton
1715,2017-02-09T00:00:00,85206,Ton
1716,2017-03-09T00:00:00,52140,Ton
1717,2017-04-09T00:00:00,32642,Ton
1718,2017-05-09T00:00:00,32770,Ton
1719,2017-06-09T00:00:00,38190,Ton
1720,2017-07-09T00:00:00,34468,Ton
1721,2017-08-09T00:00:00,37442,Ton
1722,2017-09-09T00:00:00,39170,Ton
1723,2017-10-09T00:00:00,15490,Ton
1724,2017-11-09T00:00:00,50364,Ton
1725,2017-12-09T00:00:00,43526,Ton
1726,2017-09-13T00:00:00,37582,Ton
1727,2017-09-14T00:00:00,39232,Ton
1728,2017-09-15T00:00:00,38496,Ton
1729,2017-09-16T00:00:00,41304,Ton
1730,2017-09-17T00:00:00,17836,Ton
1731,2017-09-18T00:00:00,48742,Ton
1732,2017-09-19T00:00:00,44800,Ton
1733,2017-09-20T00:00:00,44378,Ton
1734,2017-09-21T00:00:00,38278,Ton
1735,2017-09-22T00:00:00,36004,Ton
1736,2017-09-23T00:00:00,40398,Ton
1737,2017-09-24T00:00:00,20056,Ton
1738,2017-09-25T00:00:00,47948,Ton
1739,2017-09-26T00:00:00,46760,Ton
1740,2017-09-27T00:00:00,40144,Ton
1741,2017-09-28T00:00:00,36906,Ton
1742,2017-09-29T00:00:00,36788,Ton
1743,2017-09-30T00:00:00,40826,Ton
1744,2017-01-10T00:00:00,18994,Ton
1745,2017-02-10T00:00:00,44540,Ton
1746,2017-03-10T00:00:00,47632,Ton
1747,2017-04-10T00:00:00,39206,Ton
1748,2017-05-10T00:00:00,34738,Ton
1749,2017-06-10T00:00:00,33936,Ton
1750,2017-07-10T00:00:00,33492,Ton
1751,2017-08-10T00:00:00,17670,Ton
1752,2017-09-10T00:00:00,47212,Ton
1753,2017-10-10T00:00:00,42508,Ton
1754,2017-11-10T00:00:00,38928,Ton
1755,2017-12-10T00:00:00,37006,Ton
1756,2017-10-13T00:00:00,34868,Ton
1757,2017-10-14T00:00:00,38518,Ton
1758,2017-10-15T00:00:00,17242,Ton
1759,2017-10-16T00:00:00,47012,Ton
1760,2017-10-17T00:00:00,40550,Ton
1761,2017-10-18T00:00:00,41750,Ton
1762,2017-10-19T00:00:00,36664,Ton
1763,2017-10-20T00:00:00,34718,Ton
1764,2017-10-21T00:00:00,38016,Ton
1765,2017-10-22T00:00:00,18014,Ton
1766,2017-10-23T00:00:00,47942,Ton
1767,2017-10-24T00:00:00,44240,Ton
1768,2017-10-25T00:00:00,38514,Ton
1769,2017-10-26T00:00:00,39556,Ton
1770,2017-10-27T00:00:00,39218,Ton
1771,2017-10-28T00:00:00,40280,Ton
1772,2017-10-29T00:00:00,19048,Ton
1773,2017-10-30T00:00:00,45686,Ton
1774,2017-10-31T00:00:00,44142,Ton
1775,2017-01-11T00:00:00,44326,Ton
1776,2017-02-11T00:00:00,37120,Ton
1777,2017-03-11T00:00:00,38398,Ton
1778,2017-04-11T00:00:00,37248,Ton
1779,2017-05-11T00:00:00,21000,Ton
1780,2017-06-11T00:00:00,53860,Ton
1781,2017-07-11T00:00:00,52408,Ton
1782,2017-08-11T00:00:00,48348,Ton
1783,2017-09-11T00:00:00,43272,Ton
1784,2017-10-11T00:00:00,42888,Ton
1785,2017-11-11T00:00:00,41866,Ton
1786,2017-12-11T00:00:00,18942,Ton
1787,2017-11-13T00:00:00,53862,Ton
1788,2017-11-14T00:00:00,52366,Ton
1789,2017-11-15T00:00:00,46406,Ton
1790,2017-11-16T00:00:00,40482,Ton
1791,2017-11-17T00:00:00,39494,Ton
1792,2017-11-18T00:00:00,41304,Ton
1793,2017-11-19T00:00:00,21092,Ton
1794,2017-11-20T00:00:00,56254,Ton
1795,2017-11-21T00:00:00,56364,Ton
1796,2017-11-22T00:00:00,48662,Ton
1797,2017-11-23T00:00:00,45098,Ton
1798,2017-11-24T00:00:00,43566,Ton
1799,2017-11-25T00:00:00,45730,Ton
1800,2017-11-26T00:00:00,21126,Ton
1801,2017-11-27T00:00:00,54256,Ton
1802,2017-11-28T00:00:00,49502,Ton
1803,2017-11-29T00:00:00,42422,Ton
1804,2017-11-30T00:00:00,40074,Ton
1805,2017-01-12T00:00:00,40346,Ton
1806,2017-02-12T00:00:00,40518,Ton
1807,2017-03-12T00:00:00,20988,Ton
1808,2017-04-12T00:00:00,53842,Ton
1809,2017-05-12T00:00:00,47894,Ton
1810,2017-06-12T00:00:00,42564,Ton
1811,2017-07-12T00:00:00,38018,Ton
1812,2017-08-12T00:00:00,35348,Ton
1813,2017-09-12T00:00:00,38506,Ton
1814,2017-10-12T00:00:00,18792,Ton
1815,2017-11-12T00:00:00,46908,Ton
1816,2017-12-12T00:00:00,44600,Ton
1817,2017-12-13T00:00:00,42878,Ton
1818,2017-12-14T00:00:00,39726,Ton
1819,2017-12-15T00:00:00,37352,Ton
1820,2017-12-16T00:00:00,38922,Ton
1821,2017-12-17T00:00:00,18694,Ton
1822,2017-12-18T00:00:00,51874,Ton
1823,2017-12-19T00:00:00,44902,Ton
1824,2017-12-20T00:00:00,42864,Ton
1825,2017-12-21T00:00:00,39214,Ton
1826,2017-12-22T00:00:00,37268,Ton
1827,2017-12-23T00:00:00,41050,Ton
1828,2017-12-24T00:00:00,19050,Ton
1829,2017-12-25T00:00:00,41932,Ton
1830,2017-12-26T00:00:00,38314,Ton
1831,2017-12-27T00:00:00,37340,Ton
1832,2017-12-28T00:00:00,33450,Ton
1833,2017-12-29T00:00:00,37798,Ton
1834,2017-12-30T00:00:00,37020,Ton
1835,2017-12-31T00:00:00,20280,Ton
1836,2018-01-01T00:00:00,48770,Ton
1837,2018-02-01T00:00:00,44768,Ton
1838,2018-03-01T00:00:00,42672,Ton
1839,2018-04-01T00:00:00,40664,Ton
1840,2018-05-01T00:00:00,39976,Ton
1841,2018-06-01T00:00:00,38784,Ton
1842,2018-07-01T00:00:00,21086,Ton
1843,2018-08-01T00:00:00,45604,Ton
1844,2018-09-01T00:00:00,43334,Ton
1845,2018-10-01T00:00:00,41682,Ton
1846,2018-11-01T00:00:00,34660,Ton
1847,2018-12-01T00:00:00,40390,Ton
1848,2018-01-13T00:00:00,38828,Ton
1849,2018-01-14T00:00:00,19380,Ton
1850,2018-01-15T00:00:00,46538,Ton
1851,2018-01-16T00:00:00,40802,Ton
1852,2018-01-17T00:00:00,39274,Ton
1853,2018-01-18T00:00:00,36114,Ton
1854,2018-01-19T00:00:00,34024,Ton
1855,2018-01-20T00:00:00,36724,Ton
1856,2018-01-21T00:00:00,22006,Ton
